Fecha,Plataforma,Provincia,Localidad,Oferta_Empleo,Salario,Modalidad,Tipo_Contrato,Tipo_Jornada,Experiencia,Empresa,Requisitos
2026-07-29,Trabajoscom,Barcelona,Todo Barcelona,Comercial Exclusivo o Multicartera,Sin Data,Sin Data,Indefinido,Jornada Indiferente,Sin Data,Aiwa Europe,Sin Data
2026-07-29,Trabajoscom,Tarragona,Constanti,Chofer/Repartidor/a,Sin Data,Sin Data,De duracion determinada,Jornada Completa,Sin Data,Ecologic & Textil,Sin Data
2026-07-29,Trabajoscom,Valencia,Torrent,ELECTROMECANICO O TECNICO EN MANTENIMIENTO MAQUINARIA,1.400 € - 1.600 €,Sin Data,Indefinido,Jornada Completa,Sin Data,Marzo Automocion,Sin Data
2026-07-29,Trabajoscom,Madrid,Madrid,MONITORES/AS TARDES DEL COLE SEPTIEMBRE 2026.  ZONA MADRID CAPITAL Y ALREDEDORES,195 € - 390 €,Sin Data,Fijo discontinuo,Trabajo Por Horas,Sin Data,Grupo Educativo,Sin Data
2026-07-29,Trabajoscom,Madrid,Madrid,MONITOR/A ACTIVIDADES EXTRAESCOLARES CURSO 2026-27.  ZONA COMUNIDAD DE MADRID,10 € - 12 €,Sin Data,Fijo discontinuo,Trabajo Por Horas,Sin Data,Grupo Educativo,Sin Data
2026-07-29,Trabajoscom,Valencia,Ontinyent,Contable para asesoria,Sin Data,Sin Data,Indefinido,Jornada Completa,Sin Data,Proyase,Sin Data
2026-07-29,Trabajoscom,Lugo,Lugo,Peon de la construcción,Sin Data,Sin Data,Indefinido,Jornada Completa,Sin Data,Decota,Sin Data
2026-07-29,Trabajoscom,Almería,Balerma,Pintor Automoción,Sin Data,Sin Data,De duracion determinada,Jornada Completa,Sin Data,Marauto,Sin Data
2026-07-29,Trabajoscom,A Coruña,Boiro - Boiro,"Oportunidad en Industria: Producción, Logística y Mantenimiento",Sin Data,Sin Data,Indefinido,Jornada Completa,Sin Data,Grupo Adecco,Sin Data
2026-07-29,Trabajoscom,Cantabria,Santander,Mozo/a de almacén especializado en Fontanería,20.000 € - 21.000 €,Sin Data,Indefinido,Jornada Completa,Sin Data,Temps,Sin Data
2026-07-29,Trabajoscom,Madrid,San Fernando De Henares,TÉCNICO/A DE MONTAJE ELECTRÓNICO,Sin Data,Sin Data,De duracion determinada,Media Jornada,Sin Data,Grupo Adecco,Sin Data
2026-07-29,Trabajoscom,León,León,CAMARERO/A PISOS TURNO MAÑANA,Sin Data,Sin Data,De duracion determinada,Media Jornada,Sin Data,Grupo Adecco,Sin Data
2026-07-29,Trabajoscom,Gipuzkoa,Todo Gipuzkoa,Auxiliar Administrativo,Sin Data,Sin Data,Indefinido,Jornada Completa,Sin Data,AdegiLan,Sin Data
2026-07-29,Trabajoscom,Gipuzkoa,Todo Gipuzkoa,"Técnico/a PRL, Calidad y Medioambiente",42 € - 54 €,Sin Data,Indefinido,Jornada Completa,Sin Data,AdegiLan,Sin Data
2026-07-29,Trabajoscom,Gipuzkoa,Todo Gipuzkoa,INGENIERO/A MANTENIMIENTO MECANICO,Sin Data,Sin Data,Indefinido,Jornada Completa,Sin Data,AdegiLan,Sin Data
2026-07-29,Trabajoscom,Gipuzkoa,Todo Gipuzkoa,"INGENIERO/A, INGENIERO/A QUIMICO/A  PARA PRODUCCION",Sin Data,Sin Data,De duracion determinada,Jornada Indiferente,Sin Data,AdegiLan,Sin Data
2026-07-29,Trabajoscom,Gipuzkoa,Todo Gipuzkoa,ADMINISTRATIVO/A DE OBRA,Sin Data,Sin Data,Indefinido,Jornada Completa,Sin Data,AdegiLan,Sin Data
2026-07-29,Trabajoscom,Gipuzkoa,Todo Gipuzkoa,Técnico/a de producto // Encargado/a general,Sin Data,Sin Data,Indefinido,Jornada Indiferente,Sin Data,AdegiLan,Sin Data
2026-07-29,Trabajoscom,Barcelona,Vilafranca Del Penedès,Operario/a Textil Sección Alflex,Sin Data,Sin Data,Indefinido,Media Jornada,Sin Data,Grupo Adecco,Sin Data
2026-07-29,Trabajoscom,Sevilla,Aznalcázar,TÉCNICO/A DE ALMACÉN -AZNALCÁZAR,20.000 € - 21.000 €,Sin Data,De duracion determinada,Jornada Completa,Sin Data,Temps,Sin Data
2026-07-29,Trabajoscom,Barcelona,El Bruc,Quality Assurance Rater - Spanish (ES),17 € - 18 €,Sin Data,A tiempo parcial,Freelance,Sin Data,TELUS International AI Inc.,Sin Data
2026-07-29,Trabajoscom,Palencia,Palencia,Comercial - Aguilar de Campoo,Sin Data,Sin Data,Indefinido,Jornada Completa,Sin Data,Grupo Adecco,Sin Data
2026-07-29,Trabajoscom,Zaragoza,La Puebla De Alfinden,Mozo/a polivalente con carretilla,Sin Data,Sin Data,De duracion determinada,Jornada Completa,Sin Data,Grupo Adecco,Sin Data
2026-07-29,Trabajoscom,Valencia,Sollana,ADMINISTRATIVO/A RRHH ALIMENTACIÓN,Sin Data,Sin Data,Indefinido,Jornada Completa,Sin Data,Temps,Sin Data
2026-07-29,Trabajoscom,Badajoz,Todo Badajoz,"Repartidor/a de Comida a Domicilio - Moto de empresa y contrato de 20, 30 o 40 horas",1.450 €,Sin Data,Indefinido,Jornada Intensiva,Sin Data,WorkForce People,Sin Data
2026-07-29,Trabajoscom,Córdoba,Todo Córdoba,"Repartidor/a de Comida a Domicilio - Moto de empresa y contrato de 20, 30 o 40 horas",1.450 €,Sin Data,Indefinido,Jornada Intensiva,Sin Data,WorkForce People,Sin Data
2026-07-29,Trabajoscom,Jaén,Todo Jaén,Personal de Restaurante,1.400 €,Sin Data,Indefinido,Jornada Intensiva,Sin Data,WorkForce People,Sin Data
2026-07-29,Trabajoscom,Soria,Todo Soria,Personal de Restaurante,1.400 €,Sin Data,Indefinido,Jornada Intensiva,Sin Data,WorkForce People,Sin Data
2026-07-29,Trabajoscom,Madrid,Fuenlabrada,CARRETILLERO/A PARA AGOSTO,14 €,Sin Data,De duracion determinada,Jornada Completa,Sin Data,Grupo Noa's,Sin Data
2026-07-29,Trabajoscom,A Coruña,Cambre,Repartidor/a de paquetería,Sin Data,Sin Data,De duracion determinada,Jornada Completa,Sin Data,Temps,Sin Data
2026-07-29,Trabajoscom,Cuenca,Todo Cuenca,"Repartidor/a de Comida a Domicilio - Moto de empresa y contrato de 20, 30 o 40 horas",1.450 €,Sin Data,Indefinido,Jornada Intensiva,Sin Data,WorkForce People,Sin Data
2026-07-29,Trabajoscom,Málaga,Málaga,Repartidor/a Paquetería en Furgoneta para Málaga INCORPORACION INMEDIATA,1.500 € - 1.600 €,Sin Data,De duracion determinada,Jornada Completa,Sin Data,Temps,Sin Data
2026-07-29,Trabajoscom,Soria,Soria,Responsable Área Técnica - Alimentación (SORIA),Sin Data,Sin Data,Indefinido,Jornada Completa,Sin Data,Temps,Sin Data
2026-07-29,Trabajoscom,Lleida,Todo Lleida,"Repartidor/a de Comida a Domicilio - Moto de empresa y contrato de 20, 30 o 40 horas",1.450 €,Sin Data,Indefinido,Jornada Intensiva,Sin Data,WorkForce People,Sin Data
2026-07-29,Trabajoscom,Valladolid,Todo Valladolid,Emirates Airlines busca Pilotos - Salario libre de impuestos y alojamiento incluido,7.650 € - 10.650 €,Sin Data,Indefinido,Jornada Completa,Sin Data,Emirates Airline,Sin Data
2026-07-29,Trabajoscom,Valencia,Todo Valencia,Emirates Airlines busca Pilotos - Salario libre de impuestos y alojamiento incluido,7.650 € - 10.650 €,Sin Data,Indefinido,Jornada Completa,Sin Data,Emirates Airline,Sin Data
2026-07-29,Trabajoscom,Teruel,Todo Teruel,Emirates Airlines busca Pilotos - Salario libre de impuestos y alojamiento incluido,7.650 € - 10.650 €,Sin Data,Indefinido,Jornada Completa,Sin Data,Emirates Airline,Sin Data
2026-07-29,Trabajoscom,Murcia,Todo Murcia,Emirates Airlines busca Pilotos - Salario libre de impuestos y alojamiento incluido,7.650 € - 10.650 €,Sin Data,Indefinido,Jornada Completa,Sin Data,Emirates Airline,Sin Data
2026-07-29,Trabajoscom,Pontevedra,Todo Pontevedra,Emirates Airlines busca Pilotos - Salario libre de impuestos y alojamiento incluido,7.650 € - 10.650 €,Sin Data,Indefinido,Jornada Completa,Sin Data,Emirates Airline,Sin Data
2026-07-29,Trabajoscom,Araba,Todo Araba,"Repartidor/a de Comida a Domicilio - Moto de empresa y contrato de 20, 30 o 40 horas",1.450 €,Sin Data,Indefinido,Jornada Intensiva,Sin Data,WorkForce People,Sin Data
2026-07-29,Trabajoscom,Bizkaia,Todo Bizkaia,"Repartidor/a de Comida a Domicilio - Moto de empresa y contrato de 20, 30 o 40 horas",1.450 €,Sin Data,Indefinido,Jornada Intensiva,Sin Data,WorkForce People,Sin Data
2026-07-29,Trabajoscom,Albacete,Todo Albacete,"Repartidor/a de Comida a Domicilio - Moto de empresa y contrato de 20, 30 o 40 horas",1.450 €,Sin Data,Indefinido,Jornada Intensiva,Sin Data,WorkForce People,Sin Data
2026-07-29,Trabajoscom,Valladolid,Todo Valladolid,Personal de Restaurante,1.400 €,Sin Data,Indefinido,Jornada Intensiva,Sin Data,WorkForce People,Sin Data
2026-07-29,Trabajoscom,Huesca,Todo Huesca,Personal de Restaurante,1.400 €,Sin Data,Indefinido,Jornada Intensiva,Sin Data,WorkForce People,Sin Data
2026-07-29,Trabajoscom,Gipuzkoa,Todo Gipuzkoa,Personal de Restaurante,1.400 €,Sin Data,Indefinido,Jornada Intensiva,Sin Data,WorkForce People,Sin Data
2026-07-29,Trabajoscom,Cuenca,Todo Cuenca,Personal de Restaurante,1.400 €,Sin Data,Indefinido,Jornada Intensiva,Sin Data,WorkForce People,Sin Data
2026-07-29,Trabajoscom,Rioja,Todo Rioja,Personal de Restaurante,1.400 €,Sin Data,Indefinido,Jornada Intensiva,Sin Data,WorkForce People,Sin Data
2026-07-29,Trabajoscom,Barcelona,Mollet Del Vallès,REPARTIDOR/A PAQUETERIA LIGERA (ZONA- MOLLET DEL VALLÈS),Sin Data,Sin Data,De duracion determinada,Jornada Completa,Sin Data,Temps,Sin Data
2026-07-29,Trabajoscom,Barcelona,Polinyà,CARRETILLERO/A RETRACTIL,1.600 €,Sin Data,De duracion determinada,Jornada Completa,Sin Data,Temps,Sin Data
2026-07-29,Trabajoscom,Lleida,Torrefarrera,Repartidor/a de paquetería,1.500 €,Sin Data,De duracion determinada,Jornada Completa,Sin Data,Temps,Sin Data
2026-07-29,Trabajoscom,Lleida,Todo Lleida,Emirates Airlines busca Pilotos - Salario libre de impuestos y alojamiento incluido,7.650 € - 10.650 €,Sin Data,Indefinido,Jornada Completa,Sin Data,Emirates Airline,Sin Data
2026-07-29,Trabajoscom,Cantabria,Laredo,Servicio de limpieza en Laredo (Cantabria),Sin Data,Sin Data,De duracion determinada,Trabajo Por Horas,Sin Data,Trigo y Martin Asociados,Sin Data
2026-07-29,Trabajoscom,Girona,Todo Girona,"Repartidor/a de Comida a Domicilio - Moto de empresa y contrato de 20, 30 o 40 horas",1.450 €,Sin Data,Indefinido,Jornada Intensiva,Sin Data,WorkForce People,Sin Data
2026-07-29,Trabajoscom,Palmas,Todo Palmas,Emirates Airlines busca Pilotos - Salario libre de impuestos y alojamiento incluido,7.650 € - 10.650 €,Sin Data,Indefinido,Jornada Completa,Sin Data,Emirates Airline,Sin Data
2026-07-29,Trabajoscom,Coruña,Todo Coruña,Emirates Airlines busca Pilotos - Salario libre de impuestos y alojamiento incluido,7.650 € - 10.650 €,Sin Data,Indefinido,Jornada Completa,Sin Data,Emirates Airline,Sin Data
2026-07-29,Trabajoscom,Badajoz,Todo Badajoz,Emirates Airlines busca Pilotos - Salario libre de impuestos y alojamiento incluido,7.650 € - 10.650 €,Sin Data,Indefinido,Jornada Completa,Sin Data,Emirates Airline,Sin Data
2026-07-29,Trabajoscom,Bizkaia,Todo Bizkaia,Emirates Airlines busca Pilotos - Salario libre de impuestos y alojamiento incluido,7.650 € - 10.650 €,Sin Data,Indefinido,Jornada Completa,Sin Data,Emirates Airline,Sin Data
2026-07-29,Trabajoscom,Ceuta,Todo Ceuta,Emirates Airlines busca Pilotos - Salario libre de impuestos y alojamiento incluido,7.650 € - 10.650 €,Sin Data,Indefinido,Jornada Completa,Sin Data,Emirates Airline,Sin Data
2026-07-29,Trabajoscom,Guadalajara,Todo Guadalajara,Emirates Airlines busca Pilotos - Salario libre de impuestos y alojamiento incluido,7.650 € - 10.650 €,Sin Data,Indefinido,Jornada Completa,Sin Data,Emirates Airline,Sin Data
2026-07-29,Trabajoscom,Real,Todo Real,Emirates Airlines busca Pilotos - Salario libre de impuestos y alojamiento incluido,7.650 € - 10.650 €,Sin Data,Indefinido,Jornada Completa,Sin Data,Emirates Airline,Sin Data
2026-07-29,Trabajoscom,Huelva,Todo Huelva,Emirates Airlines busca Pilotos - Salario libre de impuestos y alojamiento incluido,7.650 € - 10.650 €,Sin Data,Indefinido,Jornada Completa,Sin Data,Emirates Airline,Sin Data
2026-07-29,Trabajoscom,Cáceres,Todo Cáceres,Emirates Airlines busca Pilotos - Salario libre de impuestos y alojamiento incluido,7.650 € - 10.650 €,Sin Data,Indefinido,Jornada Completa,Sin Data,Emirates Airline,Sin Data
2026-07-29,Trabajoscom,Zaragoza,Zaragoza,Técnico/a Mecánico Frigorista - Instalador/a,30.000 € - 36.000 €,Sin Data,Indefinido,Jornada Completa,Sin Data,Temps,Sin Data
2026-07-29,Trabajoscom,Madrid,Madrid,MOZOS/AS DE DESCARGA PARA DÍAS SUELTOS - INSTALACIONES DEPORTIVAS ATM,12 €,Sin Data,De duracion determinada,Jornada Completa,Sin Data,Temps,Sin Data
2026-07-29,Trabajoscom,Zaragoza,Todo Zaragoza,Hincador para parques /instalaciones solares fotovoltaicas,Sin Data,Sin Data,De duracion determinada,Jornada Completa,Sin Data,Iasol,Sin Data
2026-07-29,Trabajoscom,Asturias,Siero,Repartidor/a de Paquetería (para amazon),17.094 € - 18.000 €,Sin Data,De duracion determinada,Jornada Completa,Sin Data,Iman Temporing,Sin Data
2026-07-29,Trabajoscom,Guadalajara,Cabanillas Del Campo,CARRETILLERO/A RETRÁCTIL,Sin Data,Sin Data,Indefinido,Jornada Completa,Sin Data,Iman Temporing,Sin Data
2026-07-29,Trabajoscom, Barcelona, Barcelona,Control de accesos - Att. cliente  Indefinido,Sin Data,Sin Data,Indefinido,Jornada Completa,Sin Data,Iman Corporation,Sin Data
2026-07-29,Trabajoscom, Navarra, Navarra,Médico/a Centro Residencial DomusVi Pamplona,Sin Data,Sin Data,De duracion determinada,Jornada Completa,Sin Data,DomusVi,Sin Data
2026-07-29,Trabajoscom, Pontevedra, Pontevedra,OPERARIOS/AS AUTOMOCION,Sin Data,Sin Data,De duracion determinada,Jornada Completa,Sin Data,Iman Temporing,Sin Data
2026-07-29,Trabajoscom, Tarragona, Tarragona,Camarera/o de pisos para días sueltos,Sin Data,Sin Data,De duracion determinada,Jornada Completa,Sin Data,Iman Temporing,Sin Data
2026-07-29,Trabajoscom, Navarra, Navarra,Gerocultor/a - Auxiliar de enfermería Centro Residencial DomusVi Pamplona,Sin Data,Sin Data,De duracion determinada,Jornada Completa,Sin Data,DomusVi,Sin Data
2026-07-29,Trabajoscom, Barcelona, Barcelona,URGENTE ! Manipulador/a varios turnos,Sin Data,Sin Data,De duracion determinada,Jornada Completa,Sin Data,Iman Temporing,Sin Data
2026-07-29,Trabajoscom, Jaén, Jaén,Ingeniero/a de diseño,Sin Data,Sin Data,Indefinido,Jornada Completa,Sin Data,Iman Temporing,Sin Data
2026-07-29,Trabajoscom, Valencia, Valencia,Mozo almacén - zona Xàtiva,Sin Data,Sin Data,De duracion determinada,Jornada Completa,Sin Data,Iman Temporing,Sin Data
2026-07-29,Trabajoscom, Alicante, Alicante,Cocinero/a - Centro Residencial DomusVi San Vicente,Sin Data,Sin Data,De duracion determinada,Jornada Completa,Sin Data,DomusVi,Sin Data
2026-07-29,Trabajoscom, Barcelona, Barcelona,MOZO/A DE ALMACÉN,Sin Data,Sin Data,De duracion determinada,Jornada Completa,Sin Data,Iman Temporing,Sin Data
2026-07-29,Trabajoscom, Valencia, Valencia,Carretillero/a frontal - Zona ALMUSSAFES,Sin Data,Sin Data,De duracion determinada,Jornada Completa,Sin Data,Iman Temporing,Sin Data
2026-07-29,Trabajoscom, Madrid, Madrid,Auditor/a Interno,Sin Data,Sin Data,Indefinido,Jornada Completa,Sin Data,Iman Global Consulting,Sin Data
2026-07-29,Trabajoscom, Madrid, Madrid,Comercial - Zona sur de Madrid,Sin Data,Sin Data,Indefinido,Jornada Completa,Sin Data,Iman Temporing,Sin Data
2026-07-29,Trabajoscom, Girona, Girona,Controller Financiero (Incorporación Directa),Sin Data,Sin Data,Indefinido,Jornada Completa,Sin Data,Pacto,Sin Data
2026-07-29,Trabajoscom, Zaragoza, Zaragoza,Mozo/a de Almacén (carga y descarga),Sin Data,Sin Data,De duracion determinada,Jornada Completa,Sin Data,Pacto,Sin Data
2026-07-29,Trabajoscom,S.C. Tenerife,Fañabe,Únete a nuestro equipo. McDonald's Fañabé,Sin Data,Sin Data,Indefinido,Jornada Indiferente,Sin Data,Restaurantes McDonalds,Sin Data
2026-07-29,Trabajoscom,Las Palmas,Telde,Únete a nuestro equipo. Telde - Gran Canaria,Sin Data,Sin Data,Indefinido,Media Jornada,Sin Data,Restaurantes McDonalds,Sin Data
2026-07-29,Trabajoscom,Valencia,Aldaia,Únete a nuestro equipo. McDonald's Aldaya,Sin Data,Sin Data,Indefinido,Jornada Indiferente,Sin Data,Restaurantes McDonalds,Sin Data
2026-07-29,Trabajoscom,S.C. Tenerife,Adeje,#5 - Únete a nuestro equipo. McDonald's Playa de las Américas,Sin Data,Sin Data,Indefinido,Jornada Indiferente,Sin Data,Restaurantes McDonalds,Sin Data
2026-07-29,Trabajoscom,Baleares,Palma De Mallorca,"Únete a nuestro equipo. McDonald's Cas Capiscol, Palma de Mallorca",Sin Data,Sin Data,Indefinido,Media Jornada,Sin Data,Restaurantes McDonalds,Sin Data
2026-07-29,Trabajoscom,S.C. Tenerife,Santa Cruz De Tenerife,Únete a nuestro equipo. McDonald's La Laguna,Sin Data,Sin Data,Indefinido,Media Jornada,Sin Data,Restaurantes McDonalds,Sin Data
2026-07-29,Trabajoscom,S.C. Tenerife,Adeje,#5 - Únete a nuestro equipo. McDonald's Torviscas,Sin Data,Sin Data,Indefinido,Media Jornada,Sin Data,Restaurantes McDonalds,Sin Data
2026-07-29,Trabajoscom,Barcelona,Sant Boi De Llobregat,Únete a nuestro equipo. McDonald's Sant Boi,Sin Data,Sin Data,Indefinido,Media Jornada,Sin Data,Restaurantes McDonalds,Sin Data
2026-07-29,Trabajoscom,Sevilla,Sevilla,MCDONALD´S ALCALÁ,Sin Data,Sin Data,Indefinido,Media Jornada,Sin Data,Restaurantes McDonalds,Sin Data
2026-07-29,Trabajoscom,Sevilla,Camas,Únete a nuestro equipo McDonald's Camas,Sin Data,Sin Data,Indefinido,Media Jornada,Sin Data,Restaurantes McDonalds,Sin Data
2026-07-29,Trabajoscom,Sevilla,Gines,Únete a nuestro equipo Sevilla Gines,Sin Data,Sin Data,Indefinido,Media Jornada,Sin Data,Restaurantes McDonalds,Sin Data
2026-07-29,Trabajoscom, Valladolid, Valladolid,Administrativos/as Supply Chain- Centro Logístico de León,Sin Data,Sin Data,Indefinido,Jornada Indiferente,Sin Data,Grupo DIA,Sin Data
2026-07-29,Trabajoscom, Valencia, Valencia,Operario/a de Postventa,Sin Data,Sin Data,Indefinido,Jornada Completa,Sin Data,Crit Interim España ETT,Sin Data
2026-07-29,Trabajoscom, Gipuzkoa, Gipuzkoa,Cocinero/a - Centro Residencial DomusVi Villasacramento,Sin Data,Sin Data,De duracion determinada,Jornada Completa,Sin Data,DomusVi,Sin Data
2026-07-29,Trabajoscom, Valencia, Valencia,Recepcionista (H- M)- Oliva,Sin Data,Sin Data,Indefinido,Jornada Completa,Sin Data,Crit Interim España ETT,Sin Data
2026-07-29,Trabajoscom, Murcia, Murcia,Auxiliar de laboratorio,20.000 € - 25.000 €,Sin Data,De duracion determinada,Jornada Completa,Sin Data,Iman Temporing,Sin Data
2026-07-29,Trabajoscom, Granada, Granada,Operario/a de Montaje en Banco (Cocinas),18.000 € - 19.000 €,Sin Data,Indefinido,Jornada Completa,Sin Data,Crit Interim España ETT,Sin Data
2026-07-29,Trabajoscom, Córdoba, Córdoba,Operario/a envasado aceite con SAP,17.000 € - 18.000 €,Sin Data,De duracion determinada,Jornada Completa,Sin Data,Crit Interim España ETT,Sin Data
2026-07-29,Trabajoscom, Córdoba, Córdoba,Operario-a envasado aceite,17.000 € - 18.000 €,Sin Data,De duracion determinada,Jornada Completa,Sin Data,Crit Interim España ETT,Sin Data
2026-07-29,Trabajoscom, Valencia, Valencia,Auxiliar Administrativo/a (Oliva),18.000 € - 18.500 €,Sin Data,Indefinido,Jornada Completa,Sin Data,Crit Interim España ETT,Sin Data
2026-07-29,Trabajoscom, Zaragoza, Zaragoza,Gerocultor/a - Auxiliar de enfermería Centro Residencial DomusVi Fontibre,Sin Data,Sin Data,De duracion determinada,Jornada Indiferente,Sin Data,DomusVi,Sin Data
2026-07-29,Trabajoscom, Valencia, Valencia,Diseñador/a Industrial Junior | Valencia,Sin Data,Sin Data,De duracion determinada,Jornada Completa,Sin Data,Crit Interim España ETT,Sin Data
2026-07-29,Trabajoscom, Tarragona, Tarragona,Carretillero/a frontal y retráctil,Sin Data,Sin Data,De duracion determinada,Jornada Completa,Sin Data,Iman Temporing,Sin Data
2026-07-29,Trabajoscom, Barcelona, Barcelona,Operario/a de producción CNC,27.716 €,Sin Data,De duracion determinada,Jornada Completa,Sin Data,Iman Temporing,Sin Data
2026-07-29,Trabajoscom, Tarragona, Tarragona,Operario de Brigada,Sin Data,Sin Data,De duracion determinada,Jornada Indiferente,Sin Data,Iman Temporing,Sin Data
2026-07-29,Trabajoscom, Murcia, Murcia,Operario de Producción en Beniajan (H/M),Sin Data,Sin Data,De duracion determinada,Jornada Completa,Sin Data,Crit Interim España ETT,Sin Data
2026-07-29,Trabajoscom, Barcelona, Barcelona,Administrativo/a de RRHH,Sin Data,Sin Data,De duracion determinada,Jornada Completa,Sin Data,Crit Interim España ETT,Sin Data
2026-07-29,Trabajoscom, Alicante, Alicante,Operario/a de fábrica,Sin Data,Sin Data,De duracion determinada,Jornada Completa,Sin Data,Iman Temporing,Sin Data
2026-07-29,Trabajoscom, Madrid, Madrid,Agente Contact Center con Catalán/Valenciano.,23.000 € - 24.000 €,Sin Data,Indefinido,Jornada Completa,Sin Data,Iman Temporing,Sin Data
2026-07-29,Trabajoscom, Navarra, Navarra,Personal de Lavacoches,Sin Data,Sin Data,De duracion determinada,Jornada Completa,Sin Data,Iman Temporing,Sin Data
2026-07-29,Trabajoscom, Sevilla, Sevilla,Operario/a de producción (Viso del Alcor),Sin Data,Sin Data,De duracion determinada,Jornada Completa,Sin Data,Iman Temporing,Sin Data
2026-07-29,Trabajoscom, Navarra, Navarra,Técnico/a de Matricería,Sin Data,Sin Data,De duracion determinada,Jornada Completa,Sin Data,Iman Temporing,Sin Data
2026-07-29,Trabajoscom, Baleares, Baleares,Repartidor/a con carnet B,Sin Data,Sin Data,A tiempo parcial,Media Jornada,Sin Data,Iman Temporing,Sin Data
2026-07-29,Trabajoscom, Jaén, Jaén,Mozo/a Reponedor/a con carretilla,Sin Data,Sin Data,De duracion determinada,Jornada Completa,Sin Data,Crit Interim España ETT,Sin Data
2026-07-29,Trabajoscom, Madrid, Madrid,Gestor/a Atención al cliente sector seguros,Sin Data,Sin Data,De duracion determinada,Jornada Completa,Sin Data,Crit Interim España ETT,Sin Data
2026-07-29,Trabajoscom, Barcelona, Barcelona,Recepcionista,21.000 € - 22.000 €,Sin Data,De duracion determinada,Jornada Completa,Sin Data,Iman Temporing,Sin Data
2026-07-29,Trabajoscom, Murcia, Murcia,Limpiador/a Fábrica,Sin Data,Sin Data,De duracion determinada,Jornada Completa,Sin Data,Crit Interim España ETT,Sin Data
2026-07-29,Trabajoscom, Murcia, Murcia,Técnico/a de laboratorio,Sin Data,Sin Data,Indefinido,Jornada Completa,Sin Data,Crit Interim España ETT,Sin Data
2026-07-29,Trabajoscom, Barcelona, Barcelona,Manipulador/a sabadell. textil,Sin Data,Sin Data,Indefinido,Jornada Completa,Sin Data,Crit Interim España ETT,Sin Data
2026-07-29,Trabajoscom, Málaga, Málaga,Mecánico/a industrial (Junior),Sin Data,Sin Data,Indefinido,Jornada Completa,Sin Data,Crit Interim España ETT,Sin Data
2026-07-29,Trabajoscom, Madrid, Madrid,Preparadores de pedidos - Rotativo (Getafe),Sin Data,Sin Data,De duracion determinada,Jornada Completa,Sin Data,Iman Temporing,Sin Data
2026-07-29,Trabajoscom, Barcelona, Barcelona,Mozo/a almacén,17.000 € - 18.000 €,Sin Data,De duracion determinada,Jornada Completa,Sin Data,Iman Temporing,Sin Data
2026-07-29,Trabajoscom, Zaragoza, Zaragoza,Mozo/a almacén con carretilla (sustitución),22.000 € - 24.000 €,Sin Data,De duracion determinada,Jornada Completa,Sin Data,Iman Temporing,Sin Data
2026-07-29,Trabajoscom, Barcelona, Barcelona,Administrativo/a con inglés - Zona Franca,Sin Data,Sin Data,De duracion determinada,Jornada Completa,Sin Data,Crit Interim España ETT,Sin Data
2026-07-29,Trabajoscom, Madrid, Madrid,Operario/a de Montaje - Fuenlabrada,Sin Data,Sin Data,De duracion determinada,Jornada Completa,Sin Data,Crit Interim España ETT,Sin Data
2026-07-29,Trabajoscom, Jaén, Jaén,Mozo/a Reponedor/a con carretilla,Sin Data,Sin Data,De duracion determinada,Jornada Completa,Sin Data,Crit Interim España ETT,Sin Data
2026-07-29,Trabajoscom, Baleares, Baleares,Repartidor/a con carnet B,Sin Data,Sin Data,A tiempo parcial,Media Jornada,Sin Data,Iman Temporing,Sin Data
2026-07-29,Trabajoscom, Cádiz, Cádiz,Ayudante de Cocina- Centro Residencial DomusVi Micaela Aramburu,Sin Data,Sin Data,De duracion determinada,Media Jornada,Sin Data,DomusVi,Sin Data
2026-07-29,Trabajoscom, Murcia, Murcia,Mozo/a carretillero/a - Alhama de Murcia,Sin Data,Sin Data,Indefinido,Jornada Completa,Sin Data,Crit Interim España ETT,Sin Data
2026-07-29,Trabajoscom, Madrid, Madrid,Carretillero/a con FP/ bachillerato,Sin Data,Sin Data,De duracion determinada,Jornada Completa,Sin Data,Crit Interim España ETT,Sin Data
2026-07-29,Trabajoscom, Barcelona, Barcelona,Montador/a estructuras metálicas,Sin Data,Sin Data,Indefinido,Jornada Completa,Sin Data,Crit Interim España ETT,Sin Data
2026-07-29,Trabajoscom, Granada, Granada,DESPIECE (sector alimentario),Sin Data,Sin Data,De duracion determinada,Jornada Completa,Sin Data,Crit Interim España ETT,Sin Data
2026-07-29,Trabajoscom, Madrid, Madrid,Tecnico/a de Mantenimiento,Sin Data,Sin Data,Indefinido,Jornada Completa,Sin Data,Crit Interim España ETT,Sin Data
2026-07-29,Trabajoscom, Barcelona, Barcelona,TELEOPERADOR/A ASISTENCIA CARRETERRA CON IDIOMAS,Sin Data,Sin Data,De duracion determinada,Jornada Completa,Sin Data,Iman Temporing,Sin Data
2026-07-29,Trabajoscom, Barcelona, Barcelona,Operario/a de Inyección,Sin Data,Sin Data,De duracion determinada,Jornada Completa,Sin Data,Crit Interim España ETT,Sin Data
2026-07-29,Trabajoscom, Murcia, Murcia,Administrativo/a contable,Sin Data,Sin Data,De duracion determinada,Jornada Completa,Sin Data,Iman Temporing,Sin Data
2026-07-29,Trabajoscom, Alicante, Alicante,Mozo/a almacén,Sin Data,Sin Data,De duracion determinada,Jornada Completa,Sin Data,Iman Temporing,Sin Data
2026-07-29,Trabajoscom, Madrid, Madrid,Personal de Limpieza - Centro Residencial DomusVi Arturo Soria,Sin Data,Sin Data,De duracion determinada,Jornada Indiferente,Sin Data,DomusVi,Sin Data
2026-07-29,Trabajoscom, Sevilla, Sevilla,Comercial Junior B2B (Presencial),Sin Data,Sin Data,Indefinido,Jornada Completa,Sin Data,Crit Interim España ETT,Sin Data
2026-07-29,Trabajoscom, Jaén, Jaén,Operario/a de envasado,Sin Data,Sin Data,De duracion determinada,Jornada Completa,Sin Data,Iman Temporing,Sin Data
2026-07-29,Trabajoscom, Granada, Granada,COCINERO/A,Sin Data,Sin Data,Indefinido,Jornada Completa,Sin Data,Iman Temporing,Sin Data
2026-07-29,Trabajoscom, Zaragoza, Zaragoza,OPERARIO ELECTRÓNICO/A,Sin Data,Sin Data,De duracion determinada,Jornada Completa,Sin Data,Iman Temporing,Sin Data
2026-07-29,Trabajoscom, Murcia, Murcia,Carretillero/a- Mozo/a de almacén,Sin Data,Sin Data,De duracion determinada,Jornada Completa,Sin Data,Crit Interim España ETT,Sin Data
2026-07-29,Trabajoscom, Madrid, Madrid,CONSERJE DE HOTEL - MADRID,17.294 €,Sin Data,Indefinido,Media Jornada,Sin Data,Citius Outsourcing,Sin Data
2026-07-29,Trabajoscom, Castellón, Castellón,Administrativo/a de producción,19.000 €,Sin Data,De duracion determinada,Jornada Completa,Sin Data,Iman Temporing,Sin Data
2026-07-29,Trabajoscom, Baleares, Baleares,Limpiador/a- Conductor/a con C+CAP,26.000 €,Sin Data,Indefinido,Jornada Completa,Sin Data,Citius Solutions,Sin Data
2026-07-29,Trabajoscom, Tarragona, Tarragona,Operario/a mantenimiento electromecánico,Sin Data,Sin Data,De duracion determinada,Jornada Completa,Sin Data,Iman Temporing,Sin Data
2026-07-29,Trabajoscom, Cantabria, Cantabria,Administrativo/a Comercial Nacional,Sin Data,Sin Data,Indefinido,Jornada Completa,Sin Data,Crit Interim España ETT,Sin Data
2026-07-29,Trabajoscom, Barcelona, Barcelona,Manipulador/a en Palleja,Sin Data,Sin Data,De duracion determinada,Jornada Completa,Sin Data,Crit Interim España ETT,Sin Data
2026-07-29,Trabajoscom, Girona, Girona,CONDUCTOR REPARTIDOR,Sin Data,Sin Data,De duracion determinada,Jornada Completa,Sin Data,Iman Temporing,Sin Data
2026-07-29,Trabajoscom, Barcelona, Barcelona,Operario/a Mantenimiento Industrial,Sin Data,Sin Data,De duracion determinada,Jornada Completa,Sin Data,Crit Interim España ETT,Sin Data
2026-07-29,Trabajoscom, Baleares, Baleares,Gerocultor/a - Auxiliar de enfermería Centro Residencial DomusVi Capdepera,Sin Data,Sin Data,Indefinido,Jornada Completa,Sin Data,DomusVi,Sin Data
2026-07-29,Trabajoscom, Guadalajara, Guadalajara,Operarios/as de montaje,Sin Data,Sin Data,De duracion determinada,Jornada Completa,Sin Data,Crit Interim España ETT,Sin Data
2026-07-29,Trabajoscom, Soria, Soria,MECÁNICO/A DE MOTOCICLETAS,Sin Data,Sin Data,De duracion determinada,Jornada Completa,Sin Data,Iman Temporing,Sin Data
2026-07-29,Trabajoscom, Huelva, Huelva,Médico/a Centro Residencial DomusVi Condado,Sin Data,Sin Data,Indefinido,Media Jornada,Sin Data,DomusVi,Sin Data
2026-07-29,Trabajoscom, Cantabria, Cantabria,TECNICO/A JUNIOR DE RECURSOS HUMANOS,Sin Data,Sin Data,De duracion determinada,Jornada Completa,Sin Data,Iman Temporing,Sin Data
2026-07-29,Trabajoscom, Valencia, Valencia,Montador/a de Piscina- Incorp. Directa Empresa,Sin Data,Sin Data,Indefinido,Jornada Completa,Sin Data,Pacto,Sin Data
2026-07-29,Trabajoscom, Barcelona, Barcelona,Administrativo/a Contable,Sin Data,Sin Data,A tiempo parcial,Jornada Indiferente,Sin Data,Iman Temporing,Sin Data
2026-07-29,Trabajoscom, Barcelona, Barcelona,Operario/a de Producción,Sin Data,Sin Data,Indefinido,Jornada Completa,Sin Data,Iman Temporing,Sin Data
2026-07-29,Trabajoscom, Zaragoza, Zaragoza,Talent Consultant Zaragoza,Sin Data,Sin Data,Indefinido,Jornada Completa,Sin Data,Iman Global Consulting,Sin Data
2026-07-29,Trabajoscom, Madrid, Madrid,Operario/a Producción Artes Gráficas,Sin Data,Sin Data,De duracion determinada,Jornada Completa,Sin Data,Crit Interim España ETT,Sin Data
2026-07-29,Trabajoscom, Murcia, Murcia,Contador/a de Existencias en Cámaras de Frío,Sin Data,Sin Data,De duracion determinada,Jornada Completa,Sin Data,Iman Temporing,Sin Data
2026-07-29,Trabajoscom, Girona, Girona,Operario/a Producción Hostalric - Massanes,Sin Data,Sin Data,Indefinido,Jornada Completa,Sin Data,Pacto,Sin Data
2026-07-29,Trabajoscom, Barcelona, Barcelona,Manipulador/a tèxtil,Sin Data,Sin Data,De duracion determinada,Jornada Completa,Sin Data,Iman Temporing,Sin Data
2026-07-29,Trabajoscom, Barcelona, Barcelona,Operario/a Troquelados,Sin Data,Sin Data,Indefinido,Jornada Completa,Sin Data,Crit Interim España ETT,Sin Data
2026-07-29,Trabajoscom, Barcelona, Barcelona,SUBGOBERNANTE/A HOTEL 5* BARCELONA,1.700 € - 1.746 €,Sin Data,Indefinido,Jornada Indiferente,Sin Data,Citius Outsourcing,Sin Data
2026-07-29,Trabajoscom, Toledo, Toledo,Jefe/a de Obra,Sin Data,Sin Data,Indefinido,Jornada Completa,Sin Data,Iman Global Consulting,Sin Data
2026-07-29,Trabajoscom, Cuenca, Cuenca,Jefe/a de Obra,Sin Data,Sin Data,Indefinido,Jornada Completa,Sin Data,Iman Global Consulting,Sin Data
2026-07-29,Trabajoscom, Córdoba, Córdoba,Reparto de Flayers - Cordoba,Sin Data,Sin Data,Indefinido,Jornada Completa,Sin Data,Art i Cultura,Sin Data
2026-07-29,Trabajoscom, Sevilla, Sevilla,Jefe/a de Obra de Edificación | Tenerife,Sin Data,Sin Data,Indefinido,Jornada Completa,Sin Data,Iman Global Consulting,Sin Data
2026-07-29,Trabajoscom, Cádiz, Cádiz,Jefe/a de Obra de Edificación | Tenerife,Sin Data,Sin Data,Indefinido,Jornada Completa,Sin Data,Iman Global Consulting,Sin Data
2026-07-29,Trabajoscom, Cantabria, Cantabria,Médico/a Centro Residencial DomusVi Liencres,Sin Data,Sin Data,Indefinido,Jornada Completa,Sin Data,DomusVi,Sin Data
2026-07-29,Trabajoscom,Baleares,Palma De Mallorca,Dependiente/a Mallorca - Temporal (1 mes),Sin Data,Sin Data,De duracion determinada,Media Jornada,Sin Data,Grupo Adecco,Sin Data
2026-07-29,Trabajoscom,Madrid,Madrid,MONITORES/AS CAMPAMENTOS URBANOS AGOSTO Y SEPTIEMBRE,1.500 € - 1.600 €,Sin Data,Fijo discontinuo,Jornada Completa,Sin Data,Grupo Educativo,Sin Data
2026-07-29,Trabajoscom,Barcelona,Barcelona,Formador/a,Sin Data,Sin Data,Indefinido,Jornada Completa,Sin Data,Grupo Adecco,Sin Data
2026-07-29,Trabajoscom,A Coruña,Culleredo,Pulidor/a de metales,Sin Data,Sin Data,Indefinido,Jornada Completa,Sin Data,Grupo Adecco,Sin Data
2026-07-29,Trabajoscom,Madrid,Todo Madrid,Peluquer@ canino,22.000 € - 24.000 €,Sin Data,Indefinido,Jornada Completa,Sin Data,Cool Pets,Sin Data
2026-07-29,Trabajoscom,Bizkaia,Erandio,Mecánico/a - Erandio,22.000 € - 30.000 €,Sin Data,Indefinido,Jornada Completa,Sin Data,Blendio Car,Sin Data
2026-07-29,Trabajoscom,Almería,Balerma,Chapista,Sin Data,Sin Data,De duracion determinada,Jornada Completa,Sin Data,Marauto,Sin Data
2026-07-29,Trabajoscom,Madrid,San Fernando De Henares,TÉCNICO/A DE PRUEBAS RF,Sin Data,Sin Data,De duracion determinada,Media Jornada,Sin Data,Grupo Adecco,Sin Data
2026-07-29,Trabajoscom,Madrid,Madrid,Tester de productos de cosmética,10 € - 20 €,Sin Data,De duracion determinada,Trabajo Por Horas,Sin Data,Aqura Labs,Sin Data
2026-07-29,Trabajoscom,Valladolid,Valladolid,Asesor/a Comercial Telefónico Servicios Jurídicos,Sin Data,Sin Data,De duracion determinada,Media Jornada,Sin Data,Grupo Adecco,Sin Data
2026-07-29,Trabajoscom,Barcelona,Barcelona,Customer Service Representative English Speaker,Sin Data,Sin Data,De duracion determinada,Media Jornada,Sin Data,Grupo Adecco,Sin Data
2026-07-29,Trabajoscom,Barcelona,Barcelona,Consejero/a de Belleza - ECI Plaza Cataluña (Barcelona),Sin Data,Sin Data,Indefinido,Jornada Completa,Sin Data,Grupo Adecco,Sin Data
2026-07-29,Trabajoscom,Gipuzkoa,Donostia-San Sebastián,"Camarero/a  VIPS Garbera- San Sebastian, Gipuzkoa [AGVC]",1 €,Sin Data,Indefinido,Jornada Indiferente,Sin Data,Vips,Sin Data
2026-07-29,Trabajoscom,Málaga,Benalmadena Costa,ASESOR/A COMERCIAL – BENALMÁDENA (MÁLAGA),1.450 € - 1.650 €,Sin Data,Indefinido,Jornada Completa,Sin Data,Guiding Hands Team,Sin Data
2026-07-29,Trabajoscom,Alicante,Todo Alicante,ASESOR/A COMERCIAL – ALICANTE,1.450 € - 1.650 €,Sin Data,Indefinido,Jornada Completa,Sin Data,Guiding Hands Team,Sin Data
2026-07-29,Trabajoscom,Gipuzkoa,Todo Gipuzkoa,"Técnico/a de PRL, Calidad y Medioambiente",Sin Data,Sin Data,Indefinido,Jornada Completa,Sin Data,AdegiLan,Sin Data
2026-07-29,Trabajoscom,Gipuzkoa,Todo Gipuzkoa,Auxiliar administrativo/a contable (incorporación septiembre),Sin Data,Sin Data,De duracion determinada,Jornada Completa,Sin Data,AdegiLan,Sin Data
2026-07-29,Trabajoscom,Gipuzkoa,Todo Gipuzkoa,Consultor/ra,18 € - 30 €,Sin Data,De duracion determinada,Jornada Completa,Sin Data,AdegiLan,Sin Data
2026-07-29,Trabajoscom,Gipuzkoa,Todo Gipuzkoa,Técnico/a de Calidad Alimentaria,18 € - 30 €,Sin Data,Indefinido,Jornada Completa,Sin Data,AdegiLan,Sin Data
2026-07-29,Trabajoscom,Gipuzkoa,Todo Gipuzkoa,Jefe/a Producción,Sin Data,Sin Data,Indefinido,Jornada Completa,Sin Data,AdegiLan,Sin Data
2026-07-29,Trabajoscom,Gipuzkoa,Todo Gipuzkoa,Técnico/a de contabilidad,28.000 € - 32.000 €,Sin Data,Indefinido,Jornada Completa,Sin Data,AdegiLan,Sin Data
2026-07-29,Trabajoscom,Gipuzkoa,Todo Gipuzkoa,Responsable Fabricación Proyecto/Project Manufacturing Manager,42 € - 54 €,Sin Data,Indefinido,Jornada Completa,Sin Data,AdegiLan,Sin Data
2026-07-29,Trabajoscom,Gipuzkoa,Todo Gipuzkoa,Técnico-a de Atención al Alumnado,Sin Data,Sin Data,Indefinido,Jornada Completa,Sin Data,AdegiLan,Sin Data
2026-07-29,Trabajoscom,Gipuzkoa,Todo Gipuzkoa,Operario/a de mecanizado,Sin Data,Sin Data,De duracion determinada,Jornada Completa,Sin Data,AdegiLan,Sin Data
2026-07-29,Trabajoscom,Gipuzkoa,Todo Gipuzkoa,Técnico/a Mantenimiento,Sin Data,Sin Data,Indefinido,Jornada Completa,Sin Data,AdegiLan,Sin Data
2026-07-29,Trabajoscom,Gipuzkoa,Todo Gipuzkoa,Electrónico/a,Sin Data,Sin Data,Indefinido,Jornada Completa,Sin Data,AdegiLan,Sin Data
2026-07-29,Trabajoscom,Gipuzkoa,Todo Gipuzkoa,Electrónico/a,Sin Data,Sin Data,Indefinido,Jornada Completa,Sin Data,AdegiLan,Sin Data
2026-07-29,Trabajoscom,Guadalajara,Guadalajara,OPERARIOS/AS CON MANEJO DE CARRETILLAS PARA INDUSTRIA QUÍMICA (MATERIALES DE CONSTRU...,12 € - 14 €,Sin Data,De duracion determinada,Jornada Completa,Sin Data,Temps,Sin Data
2026-07-29,Trabajoscom,A Coruña,Boiro - Boiro,"Oportunidad en Industria: Producción, Logística y Mantenimiento",Sin Data,Sin Data,De duracion determinada,Jornada Completa,Sin Data,Grupo Adecco,Sin Data
2026-07-29,Trabajoscom,Zaragoza,Zaragoza,REPARTIDOR/A DE PAQUETERÍA,Sin Data,Sin Data,De duracion determinada,Jornada Completa,Sin Data,Temps,Sin Data
2026-07-29,Trabajoscom,Zaragoza,Zaragoza,50010 MOZO/A-A DE ALMACÉN CON CARRETILLA,Sin Data,Sin Data,De duracion determinada,Jornada Intensiva,Sin Data,Grupo Adecco,Sin Data
2026-07-29,Trabajoscom,Guadalajara,Guadalajara,CARRETILLERO/A TRILATERAL Y FRONTAL PARA SECTOR LÁCTEO,12 €,Sin Data,De duracion determinada,Jornada Completa,Sin Data,Temps,Sin Data
2026-07-29,Trabajoscom,Zaragoza,Todo Zaragoza,Emirates Airlines busca Pilotos - Salario libre de impuestos y alojamiento incluido,7.650 € - 10.650 €,Sin Data,Indefinido,Jornada Completa,Sin Data,Emirates Airline,Sin Data
2026-07-29,Trabajoscom,Málaga,Todo Málaga,Emirates Airlines busca Pilotos - Salario libre de impuestos y alojamiento incluido,7.650 € - 10.650 €,Sin Data,Indefinido,Jornada Completa,Sin Data,Emirates Airline,Sin Data
2026-07-29,Trabajoscom,Madrid,Todo Madrid,"Oficiales Electricistas – Valdebebas, Madrid",2.000 € - 2.200 €,Sin Data,Fijo discontinuo,Jornada Completa,Sin Data,Franmar Work Solution,Sin Data
2026-07-29,Trabajoscom,Zamora,Todo Zamora,Emirates Airlines busca Pilotos - Salario libre de impuestos y alojamiento incluido,7.650 € - 10.650 €,Sin Data,Indefinido,Jornada Completa,Sin Data,Emirates Airline,Sin Data
2026-07-29,Trabajoscom,Tarragona,Todo Tarragona,Emirates Airlines busca Pilotos - Salario libre de impuestos y alojamiento incluido,7.650 € - 10.650 €,Sin Data,Indefinido,Jornada Completa,Sin Data,Emirates Airline,Sin Data
2026-07-29,Trabajoscom,Toledo,Todo Toledo,Emirates Airlines busca Pilotos - Salario libre de impuestos y alojamiento incluido,7.650 € - 10.650 €,Sin Data,Indefinido,Jornada Completa,Sin Data,Emirates Airline,Sin Data
2026-07-29,Trabajoscom,Soria,Todo Soria,Emirates Airlines busca Pilotos - Salario libre de impuestos y alojamiento incluido,7.650 € - 10.650 €,Sin Data,Indefinido,Jornada Completa,Sin Data,Emirates Airline,Sin Data
2026-07-29,Trabajoscom,Palencia,Todo Palencia,Emirates Airlines busca Pilotos - Salario libre de impuestos y alojamiento incluido,7.650 € - 10.650 €,Sin Data,Indefinido,Jornada Completa,Sin Data,Emirates Airline,Sin Data
2026-07-29,Trabajoscom,Madrid,Todo Madrid,Emirates Airlines busca Pilotos - Salario libre de impuestos y alojamiento incluido,7.650 € - 10.650 €,Sin Data,Indefinido,Jornada Completa,Sin Data,Emirates Airline,Sin Data
2026-07-29,Trabajoscom,Tenerife,Todo Tenerife,Emirates Airlines busca Pilotos - Salario libre de impuestos y alojamiento incluido,7.650 € - 10.650 €,Sin Data,Indefinido,Jornada Completa,Sin Data,Emirates Airline,Sin Data
2026-07-29,Trabajoscom,Sevilla,Todo Sevilla,Emirates Airlines busca Pilotos - Salario libre de impuestos y alojamiento incluido,7.650 € - 10.650 €,Sin Data,Indefinido,Jornada Completa,Sin Data,Emirates Airline,Sin Data
2026-07-29,Trabajoscom,Barcelona,Barcelona,CARRETILLERO/A RETRACTIL - ZONA TORREDEAMBRA,1.500 €,Sin Data,De duracion determinada,Jornada Completa,Sin Data,Temps,Sin Data
2026-07-29,Trabajoscom,Málaga,Málaga,Repartidor/a de paquetería,Sin Data,Sin Data,De duracion determinada,Jornada Completa,Sin Data,Temps,Sin Data
2026-07-29,Trabajoscom,Murcia,Alcantarilla,Dependiente Supermercado Alcantarilla,Sin Data,Sin Data,Indefinido,Jornada Intensiva,Sin Data,CH Montferrer,Sin Data
2026-07-29,Trabajoscom,Asturias,Todo Asturias,Personal de Restaurante,1.400 €,Sin Data,Indefinido,Jornada Intensiva,Sin Data,WorkForce People,Sin Data
2026-07-29,Trabajoscom,Araba,Todo Araba,Personal de Restaurante,1.400 €,Sin Data,Indefinido,Jornada Intensiva,Sin Data,WorkForce People,Sin Data
2026-07-29,Trabajoscom,Baleares,Todo Baleares,Personal de Restaurante,1.400 €,Sin Data,Indefinido,Jornada Intensiva,Sin Data,WorkForce People,Sin Data
2026-07-29,Trabajoscom,Burgos,Todo Burgos,Personal de Restaurante,1.400 €,Sin Data,Indefinido,Jornada Intensiva,Sin Data,WorkForce People,Sin Data
2026-07-29,Trabajoscom,Albacete,Todo Albacete,Personal de Restaurante,1.400 €,Sin Data,Indefinido,Jornada Intensiva,Sin Data,WorkForce People,Sin Data
2026-07-29,Trabajoscom,Coruña,Todo Coruña,Personal de Restaurante,1.400 €,Sin Data,Indefinido,Jornada Intensiva,Sin Data,WorkForce People,Sin Data
2026-07-29,Trabajoscom,Cáceres,Todo Cáceres,Personal de Restaurante,1.400 €,Sin Data,Indefinido,Jornada Intensiva,Sin Data,WorkForce People,Sin Data
2026-07-29,Trabajoscom,Badajoz,Todo Badajoz,Personal de Restaurante,1.400 €,Sin Data,Indefinido,Jornada Intensiva,Sin Data,WorkForce People,Sin Data
2026-07-29,Trabajoscom,Bizkaia,Todo Bizkaia,Personal de Restaurante,1.400 €,Sin Data,Indefinido,Jornada Intensiva,Sin Data,WorkForce People,Sin Data
2026-07-29,Trabajoscom,Zamora,Todo Zamora,Personal de Restaurante,1.400 €,Sin Data,Indefinido,Jornada Intensiva,Sin Data,WorkForce People,Sin Data
2026-07-29,Trabajoscom,Burgos,Todo Burgos,"Repartidor/a de Comida a Domicilio - Moto de empresa y contrato de 20, 30 o 40 horas",1.450 €,Sin Data,Indefinido,Jornada Intensiva,Sin Data,WorkForce People,Sin Data
2026-07-29,Trabajoscom,Real,Todo Real,Personal de Restaurante,1.400 €,Sin Data,Indefinido,Jornada Intensiva,Sin Data,WorkForce People,Sin Data
2026-07-29,Trabajoscom,Ávila,Todo Ávila,Emirates Airlines busca Pilotos - Salario libre de impuestos y alojamiento incluido,7.650 € - 10.650 €,Sin Data,Indefinido,Jornada Completa,Sin Data,Emirates Airline,Sin Data
2026-07-29,Trabajoscom,Baleares,Todo Baleares,Emirates Airlines busca Pilotos - Salario libre de impuestos y alojamiento incluido,7.650 € - 10.650 €,Sin Data,Indefinido,Jornada Completa,Sin Data,Emirates Airline,Sin Data
2026-07-29,Trabajoscom,Araba,Todo Araba,Emirates Airlines busca Pilotos - Salario libre de impuestos y alojamiento incluido,7.650 € - 10.650 €,Sin Data,Indefinido,Jornada Completa,Sin Data,Emirates Airline,Sin Data
2026-07-29,Trabajoscom,Albacete,Todo Albacete,Emirates Airlines busca Pilotos - Salario libre de impuestos y alojamiento incluido,7.650 € - 10.650 €,Sin Data,Indefinido,Jornada Completa,Sin Data,Emirates Airline,Sin Data
2026-07-29,Trabajoscom,Asturias,Todo Asturias,Emirates Airlines busca Pilotos - Salario libre de impuestos y alojamiento incluido,7.650 € - 10.650 €,Sin Data,Indefinido,Jornada Completa,Sin Data,Emirates Airline,Sin Data
2026-07-29,Trabajoscom,Girona,Todo Girona,Emirates Airlines busca Pilotos - Salario libre de impuestos y alojamiento incluido,7.650 € - 10.650 €,Sin Data,Indefinido,Jornada Completa,Sin Data,Emirates Airline,Sin Data
2026-07-29,Trabajoscom,Cuenca,Todo Cuenca,Emirates Airlines busca Pilotos - Salario libre de impuestos y alojamiento incluido,7.650 € - 10.650 €,Sin Data,Indefinido,Jornada Completa,Sin Data,Emirates Airline,Sin Data
2026-07-29,Trabajoscom,Gipuzkoa,Todo Gipuzkoa,Emirates Airlines busca Pilotos - Salario libre de impuestos y alojamiento incluido,7.650 € - 10.650 €,Sin Data,Indefinido,Jornada Completa,Sin Data,Emirates Airline,Sin Data
2026-07-29,Trabajoscom,Ávila,Todo Ávila,Emirates Airlines busca Pilotos - Salario libre de impuestos y alojamiento incluido,7.650 € - 10.650 €,Sin Data,Indefinido,Jornada Completa,Sin Data,Emirates Airline,Sin Data
2026-07-29,Trabajoscom,Baleares,Todo Baleares,Emirates Airlines busca Pilotos - Salario libre de impuestos y alojamiento incluido,7.650 € - 10.650 €,Sin Data,Indefinido,Jornada Completa,Sin Data,Emirates Airline,Sin Data
2026-07-29,Trabajoscom,Araba,Todo Araba,Emirates Airlines busca Pilotos - Salario libre de impuestos y alojamiento incluido,7.650 € - 10.650 €,Sin Data,Indefinido,Jornada Completa,Sin Data,Emirates Airline,Sin Data
2026-07-29,Trabajoscom,Albacete,Todo Albacete,Emirates Airlines busca Pilotos - Salario libre de impuestos y alojamiento incluido,7.650 € - 10.650 €,Sin Data,Indefinido,Jornada Completa,Sin Data,Emirates Airline,Sin Data
2026-07-29,Trabajoscom,Asturias,Todo Asturias,Emirates Airlines busca Pilotos - Salario libre de impuestos y alojamiento incluido,7.650 € - 10.650 €,Sin Data,Indefinido,Jornada Completa,Sin Data,Emirates Airline,Sin Data
2026-07-29,Trabajoscom,Girona,Todo Girona,Emirates Airlines busca Pilotos - Salario libre de impuestos y alojamiento incluido,7.650 € - 10.650 €,Sin Data,Indefinido,Jornada Completa,Sin Data,Emirates Airline,Sin Data
2026-07-29,Trabajoscom,Cuenca,Todo Cuenca,Emirates Airlines busca Pilotos - Salario libre de impuestos y alojamiento incluido,7.650 € - 10.650 €,Sin Data,Indefinido,Jornada Completa,Sin Data,Emirates Airline,Sin Data
2026-07-29,Trabajoscom,Gipuzkoa,Todo Gipuzkoa,Emirates Airlines busca Pilotos - Salario libre de impuestos y alojamiento incluido,7.650 € - 10.650 €,Sin Data,Indefinido,Jornada Completa,Sin Data,Emirates Airline,Sin Data
2026-07-29,Trabajoscom,Castellón,Todo Castellón,Emirates Airlines busca Pilotos - Salario libre de impuestos y alojamiento incluido,7.650 € - 10.650 €,Sin Data,Indefinido,Jornada Completa,Sin Data,Emirates Airline,Sin Data
2026-07-29,Trabajoscom,Sevilla,Sevilla,Oficiales Electricistas Sevilla,2.000 € - 2.200 €,Sin Data,Fijo discontinuo,Jornada Completa,Sin Data,Franmar Work Solution,Sin Data
2026-07-29,Trabajoscom,Madrid,Meco,OPERARIO/A DE REVISIÓN DE ELECTRÓNICA,17.185 €,Sin Data,De duracion determinada,Jornada Completa,Sin Data,Grupo Noa's,Sin Data
2026-07-29,Trabajoscom,Guadalajara,Guadalajara,MOZOS/AS DE ALMACEN PICKING - GUADALAJARA,17.185 €,Sin Data,De duracion determinada,Jornada Completa,Sin Data,Grupo Noa's,Sin Data
2026-07-29,Trabajoscom,Madrid,Torrejón De Ardoz,Mozo/a Preparador/a de Pedidos,17.000 € - 18.000 €,Sin Data,De duracion determinada,Jornada Completa,Sin Data,Temps,Sin Data
2026-07-29,Trabajoscom,Cantabria,Todo Cantabria,Emirates Airlines busca Pilotos - Salario libre de impuestos y alojamiento incluido,7.650 € - 10.650 €,Sin Data,Indefinido,Jornada Completa,Sin Data,Emirates Airline,Sin Data
2026-07-29,Trabajoscom,Guadalajara,Guadalajara,JEFE/A DE EQUIPO- OPERADOR LOGÍSTICO,25.000 €,Sin Data,De duracion determinada,Jornada Completa,Sin Data,Temps,Sin Data
2026-07-29,Trabajoscom,Madrid,Griñón,Técnico/a junior de PRL x proyecto - Zona Griñón,25.000 € - 26.000 €,Sin Data,De duracion determinada,Jornada Completa,Sin Data,Temps,Sin Data
2026-07-29,Trabajoscom, Barcelona, Barcelona,Auxiliar administrativo/a producción,Sin Data,Sin Data,Indefinido,Jornada Completa,Sin Data,Iman Temporing,Sin Data
2026-07-29,Trabajoscom, Barcelona, Barcelona,Operario/a con carretilla,Sin Data,Sin Data,Indefinido,Jornada Completa,Sin Data,Iman Temporing,Sin Data
2026-07-29,Trabajoscom, Barcelona, Barcelona,OPERARIO/A DE MONTAJE CON CARNET DE CARRETILLERO/A,Sin Data,Sin Data,Indefinido,Jornada Indiferente,Sin Data,Iman Temporing,Sin Data
2026-07-29,Trabajoscom, Barcelona, Barcelona,AYUDANTE DE COCINA,Sin Data,Sin Data,De duracion determinada,Jornada Completa,Sin Data,Iman Temporing,Sin Data
2026-07-29,Trabajoscom, Madrid, Madrid,Técnico/a Informático,Sin Data,Sin Data,Indefinido,Jornada Completa,Sin Data,Iman Global Consulting,Sin Data
2026-07-29,Trabajoscom, Barcelona, Barcelona,RECUBRIDOR/A MANUAL SECTOR ALIMENTACIÓN,Sin Data,Sin Data,De duracion determinada,Jornada Completa,Sin Data,Iman Temporing,Sin Data
2026-07-29,Trabajoscom, Barcelona, Barcelona,Operario/a de producción,27.000 € - 29.000 €,Sin Data,De duracion determinada,Jornada Completa,Sin Data,Iman Temporing,Sin Data
2026-07-29,Trabajoscom, Barcelona, Barcelona,Aux de servicios - Control accesos,Sin Data,Sin Data,Indefinido,Jornada Completa,Sin Data,Iman Corporation,Sin Data
2026-07-29,Trabajoscom,Madrid,Madrid,Únete a nuestro equipo. Zona Centro Madrid (Sol-Gran Via),Sin Data,Sin Data,Indefinido,Media Jornada,Sin Data,Restaurantes McDonalds,Sin Data
2026-07-29,Trabajoscom,Barcelona,Barcelona,Únete a nuestro equipo. McDonald's Sants Estación,Sin Data,Sin Data,Indefinido,Jornada Indiferente,Sin Data,Restaurantes McDonalds,Sin Data
2026-07-29,Trabajoscom,Baleares,Palma De Mallorca,#4 - Únete a nuestro equipo. McDonald's Aeropuerto Palma de Mallorca,Sin Data,Sin Data,Indefinido,Jornada Indiferente,Sin Data,Restaurantes McDonalds,Sin Data
2026-07-29,Trabajoscom,Las Palmas,Vecindario,Únete a nuestro equipo. Vecindario - Gran Canaria,Sin Data,Sin Data,Indefinido,Jornada Indiferente,Sin Data,Restaurantes McDonalds,Sin Data
2026-07-29,Trabajoscom,Málaga,Malaga,Únete a nuestro equipo. Málaga Universidad (zona Teatinos),Sin Data,Sin Data,Indefinido,Media Jornada,Sin Data,Restaurantes McDonalds,Sin Data
2026-07-29,Trabajoscom,S.C. Tenerife,Candelaria,Únete a nuestro equipo. McDonald's Caletillas,Sin Data,Sin Data,Indefinido,Media Jornada,Sin Data,Restaurantes McDonalds,Sin Data
2026-07-29,Trabajoscom,Baleares,Palma De Mallorca,Únete a nuestro equipo. McDonald's Palma Pio XII (Zona Borne),Sin Data,Sin Data,Indefinido,Media Jornada,Sin Data,Restaurantes McDonalds,Sin Data
2026-07-29,Trabajoscom,S.C. Tenerife,San Isidro De Abona,#5 - Únete a nuestro equipo. McDonald's San Isidro,Sin Data,Sin Data,Indefinido,Media Jornada,Sin Data,Restaurantes McDonalds,Sin Data
2026-07-29,Trabajoscom,S.C. Tenerife,Arona,Únete a nuestro equipo Zona Arona-Fijos discontinuos,Sin Data,Sin Data,Indefinido,Media Jornada,Sin Data,Restaurantes McDonalds,Sin Data
2026-07-29,Trabajoscom,S.C. Tenerife,Granadilla,Únete a nuestro equipo Zona Abona-Fijos discontinuos,Sin Data,Sin Data,Indefinido,Media Jornada,Sin Data,Restaurantes McDonalds,Sin Data
2026-07-29,Trabajoscom,Gipuzkoa,Donostia-San Sebastian,Oferta de Empleo,Sin Data,Sin Data,Indefinido,Media Jornada,Sin Data,Restaurantes McDonalds,Sin Data
2026-07-29,Trabajoscom,Gipuzkoa,Donostia-San Sebastian,Únete a nuestro equipo - BRETXA,Sin Data,Sin Data,Indefinido,Media Jornada,Sin Data,Restaurantes McDonalds,Sin Data
2026-07-29,Trabajoscom,Las Palmas,Aguimes,Únete a nuestro equipo McDonald's Agüimes,Sin Data,Sin Data,Indefinido,Media Jornada,Sin Data,Restaurantes McDonalds,Sin Data
2026-07-29,Trabajoscom, Asturias, Asturias,Personal de Limpieza - Centro Residencial DomusVi La Florida,Sin Data,Sin Data,De duracion determinada,Jornada Completa,Sin Data,DomusVi,Sin Data
2026-07-29,Trabajoscom, Barcelona, Barcelona,Recepcionista con inglés,Sin Data,Sin Data,Indefinido,Jornada Completa,Sin Data,Crit Interim España ETT,Sin Data
2026-07-29,Trabajoscom, Valencia, Valencia,Operario/a de logística,Sin Data,Sin Data,Indefinido,Jornada Completa,Sin Data,Crit Interim España ETT,Sin Data
2026-07-29,Trabajoscom, Zaragoza, Zaragoza,ANIMADOR/A CON DISFRAZ,Sin Data,Sin Data,Indefinido,Jornada Completa,Sin Data,Iman Temporing,Sin Data
2026-07-29,Trabajoscom, Lleida, Lleida,OPERARIO/A DEL METAL,20.500 € - 21.000 €,Sin Data,Indefinido,Jornada Completa,Sin Data,Iman Temporing,Sin Data
2026-07-29,Trabajoscom, Lleida, Lleida,Ayudante de cocina,Sin Data,Sin Data,De duracion determinada,Jornada Completa,Sin Data,Iman Temporing,Sin Data
2026-07-29,Trabajoscom, Zaragoza, Zaragoza,OPERARIO/A DE MANTENIMIENTO,12 €,Sin Data,A tiempo parcial,Jornada Completa,Sin Data,Iman Temporing,Sin Data
2026-07-29,Trabajoscom, La Rioja, La Rioja,Operario/a envasado y limpieza,Sin Data,Sin Data,De duracion determinada,Jornada Completa,Sin Data,Iman Temporing,Sin Data
2026-07-29,Trabajoscom, Madrid, Madrid,Administrativo/a contable,Sin Data,Sin Data,Indefinido,Jornada Completa,Sin Data,Crit Interim España ETT,Sin Data
2026-07-29,Trabajoscom, Lleida, Lleida,Carretillero/a fabrica,Sin Data,Sin Data,De duracion determinada,Jornada Completa,Sin Data,Iman Temporing,Sin Data
2026-07-29,Trabajoscom, Granada, Granada,Electromecánico/a,19 €,Sin Data,Indefinido,Jornada Completa,Sin Data,Crit Interim España ETT,Sin Data
2026-07-29,Trabajoscom, Murcia, Murcia,Ingeniero/a Obra Civil-Sector Industrial-Energía,Sin Data,Sin Data,Indefinido,Jornada Completa,Sin Data,Crit Interim España ETT,Sin Data
2026-07-29,Trabajoscom, Barcelona, Barcelona,Consultor/a RRHH - Barcelona,Sin Data,Sin Data,Indefinido,Jornada Completa,Sin Data,Iman Temporing,Sin Data
2026-07-29,Trabajoscom, Barcelona, Barcelona,Técnico/a de Laboratorio Media Jornada,Sin Data,Sin Data,De duracion determinada,Jornada Indiferente,Sin Data,Iman Temporing,Sin Data
2026-07-29,Trabajoscom, Córdoba, Córdoba,Limpiador/a (Valorable Discapacidad),Sin Data,Sin Data,De duracion determinada,Jornada Completa,Sin Data,Crit Interim España ETT,Sin Data
2026-07-29,Trabajoscom, Murcia, Murcia,LIMPIEZA EN ASESORÍA - MOLINA DE SEGURA,Sin Data,Sin Data,Indefinido,Media Jornada,Sin Data,Iman Cleaning,Sin Data
2026-07-29,Trabajoscom, Murcia, Murcia,Personal Responsable de Enología,Sin Data,Sin Data,Indefinido,Jornada Completa,Sin Data,Crit Interim España ETT,Sin Data
2026-07-29,Trabajoscom, Barcelona, Barcelona,Operario/a Carretillero + Puente grúa,20.000 €,Sin Data,De duracion determinada,Jornada Completa,Sin Data,Iman Temporing,Sin Data
2026-07-29,Trabajoscom, Málaga, Málaga,Técnico/a de contratación- RRHH,Sin Data,Sin Data,Indefinido,Jornada Completa,Sin Data,Iman,Sin Data
2026-07-29,Trabajoscom, Bizkaia, Bizkaia,Repartidor/a con Carnet B-Incorporación inmediata,Sin Data,Sin Data,De duracion determinada,Jornada Completa,Sin Data,Iman Temporing,Sin Data
2026-07-29,Trabajoscom, Madrid, Madrid,Electromecánico/a (San Agustin de Guadalix),Sin Data,Sin Data,Indefinido,Jornada Completa,Sin Data,Crit Interim España ETT,Sin Data
2026-07-29,Trabajoscom, Córdoba, Córdoba,Operario/a de plastico,21.000 € - 22.000 €,Sin Data,De duracion determinada,Jornada Completa,Sin Data,Crit Interim España ETT,Sin Data
2026-07-29,Trabajoscom, Valencia, Valencia,Operario/a de logística,Sin Data,Sin Data,Indefinido,Jornada Completa,Sin Data,Crit Interim España ETT,Sin Data
2026-07-29,Trabajoscom, Barcelona, Barcelona,Recepcionista con inglés,Sin Data,Sin Data,Indefinido,Jornada Completa,Sin Data,Crit Interim España ETT,Sin Data
2026-07-29,Trabajoscom, Barcelona, Barcelona,Picking,18.621 €,Sin Data,Indefinido,Jornada Completa,Sin Data,Iman Temporing,Sin Data
2026-07-29,Trabajoscom, Madrid, Madrid,Técnico electrónico (San Agustín de Guadalix),Sin Data,Sin Data,Indefinido,Jornada Completa,Sin Data,Crit Interim España ETT,Sin Data
2026-07-29,Trabajoscom, Asturias, Asturias,Personal de Limpieza - Centro Residencial DomusVi La Florida,Sin Data,Sin Data,De duracion determinada,Jornada Completa,Sin Data,DomusVi,Sin Data
2026-07-29,Trabajoscom, Barcelona, Barcelona,Cocinero/a - Centro Residencial DomusVi Vallès Nord,Sin Data,Sin Data,Indefinido,Jornada Completa,Sin Data,DomusVi,Sin Data
2026-07-29,Trabajoscom, Barcelona, Barcelona,Vigilante Seguridad Organismo Público (Plus 200€),Sin Data,Sin Data,Indefinido,Jornada Completa,Sin Data,Iman Seguridad,Sin Data
2026-07-29,Trabajoscom, Lleida, Lleida,CONDUCTOR/A DE CAMIÓN CON CARNET C + CAP,Sin Data,Sin Data,Indefinido,Jornada Completa,Sin Data,Iman Temporing,Sin Data
2026-07-29,Trabajoscom, Barcelona, Barcelona,Tecnico/a comercial,Sin Data,Sin Data,Indefinido,Jornada Completa,Sin Data,Crit Interim España ETT,Sin Data
2026-07-29,Trabajoscom, Barcelona, Barcelona,Técnico/a de Calidad y Seguridad,38.000 € - 42.000 €,Sin Data,Indefinido,Jornada Completa,Sin Data,Iman Global Consulting,Sin Data
2026-07-29,Trabajoscom, Murcia, Murcia,Técnico/a de Oficina Técnica  Electricidad,Sin Data,Sin Data,Indefinido,Jornada Completa,Sin Data,Crit Interim España ETT,Sin Data
2026-07-29,Trabajoscom, Barcelona, Barcelona,Operario/a,Sin Data,Sin Data,A tiempo parcial,Jornada Completa,Sin Data,Iman Temporing,Sin Data
2026-07-29,Trabajoscom, Guadalajara, Guadalajara,Técnico/a de Planificación de Producción,Sin Data,Sin Data,De duracion determinada,Jornada Completa,Sin Data,Crit Interim España ETT,Sin Data
2026-07-29,Trabajoscom, Barcelona, Barcelona,Operario/a Producción sector METAL c/ curso C9,Sin Data,Sin Data,Indefinido,Jornada Completa,Sin Data,Crit Interim España ETT,Sin Data
2026-07-29,Trabajoscom, Sevilla, Sevilla,Personal fábrica (H/M) - La Roda de Andalucia,Sin Data,Sin Data,De duracion determinada,Jornada Completa,Sin Data,Crit Interim España ETT,Sin Data
2026-07-29,Trabajoscom, Zaragoza, Zaragoza,OPERARIO/A DE TALLER,Sin Data,Sin Data,A tiempo parcial,Jornada Completa,Sin Data,Iman Temporing,Sin Data
2026-07-29,Trabajoscom, Madrid, Madrid,Agente telefónico- Sector Seguros,Sin Data,Sin Data,De duracion determinada,Media Jornada,Sin Data,Crit Interim España ETT,Sin Data
2026-07-29,Trabajoscom, Madrid, Madrid,Mozo/a Administrativo/a-Jornada Parcial,Sin Data,Sin Data,De duracion determinada,Jornada Completa,Sin Data,Iman Temporing,Sin Data
2026-07-29,Trabajoscom, Barcelona, Barcelona,Camarero/a de pisos Hotel en Barcelona,1.100 € - 1.104 €,Sin Data,Indefinido,Media Jornada,Sin Data,Citius Outsourcing,Sin Data
2026-07-29,Trabajoscom, Madrid, Madrid,Técnico de  Ensayos no destructivos-  (Algete),Sin Data,Sin Data,Indefinido,Jornada Completa,Sin Data,Crit Interim España ETT,Sin Data
2026-07-29,Trabajoscom, Murcia, Murcia,Limpiador/a Fabrica,Sin Data,Sin Data,De duracion determinada,Jornada Completa,Sin Data,Crit Interim España ETT,Sin Data
2026-07-29,Trabajoscom, Madrid, Madrid,Administrativo/a de Logística,Sin Data,Sin Data,Indefinido,Jornada Indiferente,Sin Data,Crit Interim España ETT,Sin Data
2026-07-29,Trabajoscom, Madrid, Madrid,Carretillero/a con retractil,Sin Data,Sin Data,De duracion determinada,Jornada Completa,Sin Data,Crit Interim España ETT,Sin Data
2026-07-29,Trabajoscom, Badajoz, Badajoz,CARRETILLERO/A Y OPERARIO/A DE FÁBRICA,Sin Data,Sin Data,De duracion determinada,Jornada Completa,Sin Data,Iman Temporing,Sin Data
2026-07-29,Trabajoscom, Barcelona, Barcelona,Manipulador/a,Sin Data,Sin Data,De duracion determinada,Jornada Completa,Sin Data,Crit Interim España ETT,Sin Data
2026-07-29,Trabajoscom, Baleares, Baleares,Enfermero/a - DUE Centro Residencial DomusVi Can Carbonell,Sin Data,Sin Data,Indefinido,Jornada Completa,Sin Data,DomusVi,Sin Data
2026-07-29,Trabajoscom, Barcelona, Barcelona,Operario/a de Inyección,Sin Data,Sin Data,De duracion determinada,Jornada Completa,Sin Data,Crit Interim España ETT,Sin Data
2026-07-29,Trabajoscom, Huelva, Huelva,Contable Fiscal (H/M) Lepe,Sin Data,Sin Data,Indefinido,Jornada Completa,Sin Data,Crit Interim España ETT,Sin Data
2026-07-29,Trabajoscom, Las Palmas, Las Palmas,CAMAREROS/AS DE PISO EN LANZAROTE,1.800 € - 2.000 €,Sin Data,Indefinido,Jornada Indiferente,Sin Data,Pacto,Sin Data
2026-07-29,Trabajoscom, Madrid, Madrid,Operario/a de Expediciones - Carnet Carretillero,Sin Data,Sin Data,De duracion determinada,Jornada Completa,Sin Data,Crit Interim España ETT,Sin Data
2026-07-29,Trabajoscom, Valencia, Valencia,Personal ADMINISTRATIVO (+33 discapacidad o IPT) Vehículo propio,Sin Data,Sin Data,Indefinido,Jornada Indiferente,Sin Data,Diswork,Sin Data
2026-07-29,Trabajoscom, Barcelona, Barcelona,Coordinador/a planta productiva (INC. Directa),Sin Data,Sin Data,Indefinido,Jornada Completa,Sin Data,Pacto,Sin Data
2026-07-29,Trabajoscom, Barcelona, Barcelona,Personal de recepción (+33% DISCAPACIDAD o IPT) Barcelona,Sin Data,Sin Data,Indefinido,Jornada Indiferente,Sin Data,Diswork,Sin Data
2026-07-29,Trabajoscom, Barcelona, Barcelona,Gestor Comercial,Sin Data,Sin Data,De duracion determinada,Jornada Completa,Sin Data,Crit Interim España ETT,Sin Data
2026-07-29,Trabajoscom, Barcelona, Barcelona,Enfermero/a - DUE Centro Residencial DomusVi Can Buxeres,Sin Data,Sin Data,Indefinido,Jornada Completa,Sin Data,DomusVi,Sin Data
2026-07-29,Trabajoscom, Teruel, Teruel,Recambista,Sin Data,Sin Data,De duracion determinada,Jornada Completa,Sin Data,Iman Temporing,Sin Data
2026-07-29,Trabajoscom, Madrid, Madrid,Operario/a panificadora,Sin Data,Sin Data,De duracion determinada,Jornada Completa,Sin Data,Iman Temporing,Sin Data
2026-07-29,Trabajoscom, Barcelona, Barcelona,Operario/a embolsado de Polvos tarde/mañana,Sin Data,Sin Data,Indefinido,Jornada Completa,Sin Data,Crit Interim España ETT,Sin Data
2026-07-29,Trabajoscom, Teruel, Teruel,Repartidor/a- mozo/a almacén.,Sin Data,Sin Data,De duracion determinada,Jornada Completa,Sin Data,Iman Temporing,Sin Data
2026-07-29,Trabajoscom, Barcelona, Barcelona,Tornero/a CNC Oficial 1a,Sin Data,Sin Data,De duracion determinada,Jornada Completa,Sin Data,Crit Interim España ETT,Sin Data
2026-07-29,Trabajoscom, Murcia, Murcia,Técnico/a Instalación de Alarmas,21.000 €,Sin Data,Indefinido,Jornada Completa,Sin Data,Iman Temporing,Sin Data
2026-07-29,Trabajoscom, Murcia, Murcia,Carretillero/a - Santomera,Sin Data,Sin Data,Indefinido,Jornada Completa,Sin Data,Crit Interim España ETT,Sin Data
2026-07-29,Trabajoscom, Lugo, Lugo,Enfermero/a,Sin Data,Sin Data,Indefinido,Jornada Completa,Sin Data,Crit Interim España ETT,Sin Data
2026-07-29,Trabajoscom, Alicante, Alicante,AI Product Lead (Incorporación directa),Sin Data,Sin Data,Indefinido,Jornada Completa,Sin Data,Pacto,Sin Data
2026-07-29,Trabajoscom, Barcelona, Barcelona,Aux mantenimiento sust.,Sin Data,Sin Data,Indefinido,Jornada Completa,Sin Data,Iman Corporation,Sin Data
2026-07-29,Trabajoscom, Barcelona, Barcelona,TORNER/A CNC,Sin Data,Sin Data,De duracion determinada,Jornada Completa,Sin Data,Iman Temporing,Sin Data
2026-07-29,Trabajoscom, Granada, Granada,Conductor/a Vehículos de pruebas,Sin Data,Sin Data,De duracion determinada,Jornada Completa,Sin Data,Crit Interim España ETT,Sin Data
2026-07-29,Trabajoscom, Barcelona, Barcelona,Mozo/a de congelados con Carretilla Frontal,Sin Data,Sin Data,De duracion determinada,Jornada Completa,Sin Data,Iman Temporing,Sin Data
2026-07-29,Trabajoscom, Murcia, Murcia,Personal de Limpieza Industrial (H/M),Sin Data,Sin Data,Indefinido,Jornada Completa,Sin Data,Crit Interim España ETT,Sin Data
2026-07-29,Trabajoscom, Madrid, Madrid,Oficial de Soldadura Robotizada (H/M),Sin Data,Sin Data,De duracion determinada,Jornada Completa,Sin Data,Crit Interim España ETT,Sin Data
2026-07-29,Trabajoscom, Málaga, Málaga,Técnico/a de Control de Stocks - Antequera,Sin Data,Sin Data,De duracion determinada,Jornada Completa,Sin Data,Crit Interim España ETT,Sin Data
2026-07-29,Trabajoscom, Araba, Araba,Carretillero/a retractil automoción jornada parcial a turnos,Sin Data,Sin Data,De duracion determinada,Media Jornada,Sin Data,Crit Interim España ETT,Sin Data
2026-07-29,Trabajoscom, Baleares, Baleares,Mozo/a conductor/a-lavacoches(Rent a car)- PMI,17.094 €,Sin Data,Indefinido,Jornada Completa,Sin Data,Citius Solutions,Sin Data
2026-07-29,Trabajoscom, Cantabria, Cantabria,Mozo/a de almacén con carretilla y puente grúa,Sin Data,Sin Data,De duracion determinada,Jornada Completa,Sin Data,Crit Interim España ETT,Sin Data
2026-07-29,Trabajoscom, Alicante, Alicante,Operador/a de Caldera (Muro de Alcoy),30.000 €,Sin Data,Indefinido,Jornada Completa,Sin Data,Iman Temporing,Sin Data
2026-07-29,Trabajoscom, Valencia, Valencia,Conductor/a de Camión Picassent GIRSA,Sin Data,Sin Data,Indefinido,Jornada Indiferente,Sin Data,Pacto,Sin Data
2026-07-29,Trabajoscom, Cantabria, Cantabria,Operario/a del metal con TPM,Sin Data,Sin Data,De duracion determinada,Jornada Completa,Sin Data,Crit Interim España ETT,Sin Data
2026-07-29,Trabajoscom, Valencia, Valencia,Operarios/as de CNC- Incorp. Directa Empresa,Sin Data,Sin Data,Indefinido,Jornada Completa,Sin Data,Pacto,Sin Data
2026-07-29,Trabajoscom, Alicante, Alicante,Operarios/as de Extrusión- Incorp. Directa Empresa,Sin Data,Sin Data,Indefinido,Jornada Completa,Sin Data,Pacto,Sin Data
2026-07-29,Trabajoscom, Badajoz, Badajoz,Oficial de 2ª,Sin Data,Sin Data,De duracion determinada,Jornada Completa,Sin Data,Crit Interim España ETT,Sin Data
2026-07-29,Trabajoscom, Barcelona, Barcelona,Mozo/a Carretillero/a en el CIM turno tarde,Sin Data,Sin Data,Indefinido,Jornada Completa,Sin Data,Crit Interim España ETT,Sin Data
2026-07-29,Trabajoscom, Málaga, Málaga,Gerocultor/a - Auxiliar de enfermería Centro Residencial DomusVi Fuentesol,Sin Data,Sin Data,De duracion determinada,Jornada Indiferente,Sin Data,DomusVi,Sin Data
2026-07-29,Trabajoscom, Ciudad Real, Ciudad Real,Cocinero/a - Centro Residencial DomusVi Monte Val,Sin Data,Sin Data,De duracion determinada,Media Jornada,Sin Data,DomusVi,Sin Data
2026-07-29,Trabajoscom, Madrid, Madrid,Personal de Limpieza - Centro Residencial DomusVi Alcala,Sin Data,Sin Data,De duracion determinada,Jornada Indiferente,Sin Data,DomusVi,Sin Data
2026-07-29,Trabajoscom, Asturias, Asturias,Mozo/a de Almacén- Repartidor,Sin Data,Sin Data,De duracion determinada,Jornada Completa,Sin Data,Iman Temporing,Sin Data
2026-07-29,Trabajoscom, Murcia, Murcia,Operario/a fábrica alimentación ALBUDEITE,Sin Data,Sin Data,De duracion determinada,Jornada Completa,Sin Data,Iman Temporing,Sin Data
2026-07-29,Trabajoscom, Barcelona, Barcelona,Operario/a de producción y almacén,Sin Data,Sin Data,Indefinido,Jornada Completa,Sin Data,Pacto,Sin Data
2026-07-29,Trabajoscom, Girona, Girona,Operario/a Producción Hostalric,Sin Data,Sin Data,Indefinido,Jornada Completa,Sin Data,Pacto,Sin Data
2026-07-29,Trabajoscom, Lleida, Lleida,Director/a Técnico/a (Lleida / Barcelona),Sin Data,Sin Data,Indefinido,Jornada Completa,Sin Data,Pacto,Sin Data
2026-07-29,Trabajoscom, Salamanca, Salamanca,Jefe/a de Obra,Sin Data,Sin Data,Indefinido,Jornada Completa,Sin Data,Iman Global Consulting,Sin Data
2026-07-29,Trabajoscom, S.C. Tenerife, S.C. Tenerife,Jefe/a de Obra de Edificación | Tenerife,Sin Data,Sin Data,Indefinido,Jornada Completa,Sin Data,Iman Global Consulting,Sin Data
2026-07-29,Trabajoscom, Madrid, Madrid,Jefe/a de Estudios (Construcción),Sin Data,Sin Data,Indefinido,Jornada Completa,Sin Data,Iman Global Consulting,Sin Data
2026-07-29,Trabajoscom, Las Palmas, Las Palmas,Jefe/a de Obra de Edificación | Tenerife,Sin Data,Sin Data,Indefinido,Jornada Completa,Sin Data,Iman Global Consulting,Sin Data
2026-07-29,Trabajoscom,Tarragona,Constanti,Operaria/o de lavandería industrial,18.000 € - 21.000 €,Sin Data,De duracion determinada,Jornada Completa,Sin Data,Ecologic & Textil,Sin Data
2026-07-29,Trabajoscom,Granada,Granada,Cordinad@r de proyectos de movilidad y recepción,Sin Data,Sin Data,Indefinido,Jornada Completa,Sin Data,Europroyectos Erasmus Plus,Sin Data
2026-07-29,Trabajoscom,Ourense,Ourense,Dependiente de tienda,1.300 € - 1.600 €,Sin Data,De duracion determinada,Jornada Completa,Sin Data,Rei Zentolo,Sin Data
2026-07-29,Trabajoscom,Córdoba,Córdoba,Técnico/a Operador/a de Planta de Aguas,Sin Data,Sin Data,Indefinido,Media Jornada,Sin Data,Grupo Adecco,Sin Data
2026-07-29,Trabajoscom,Cantabria,Santander,Asesor/a Comercial (Santander),19.000 € - 22.000 €,Sin Data,Indefinido,Jornada Completa,Sin Data,Blendio Car,Sin Data
2026-07-29,Trabajoscom,Madrid,Madrid,Encuestador/a Comercial Madrid - Temporal,Sin Data,Sin Data,De duracion determinada,Jornada Completa,Sin Data,Grupo Adecco,Sin Data
2026-07-29,Trabajoscom,Madrid,Majadahonda,Jardinero Zona Majadahonda,21.500 € - 22.500 €,Sin Data,De duracion determinada,Jornada Intensiva,Sin Data,Obras y Servicios,Sin Data
2026-07-29,Trabajoscom,Jaén,Baeza,Docente curso inglés B2,15 € - 18 €,Sin Data,De duracion determinada,Media Jornada,Sin Data,Aula Integral,Sin Data
2026-07-29,Trabajoscom,Asturias,Oviedo,Frigorista,Sin Data,Sin Data,Indefinido,Jornada Completa,Sin Data,JL Refrigeración,Sin Data
2026-07-29,Trabajoscom,Baleares,Eivissa,Responsable Restauración,43.000 € - 45.000 €,Sin Data,Indefinido,Jornada Completa,Sin Data,Gran Hospital Can Misses,Sin Data
2026-07-29,Trabajoscom,Bizkaia,Bilbao,VISITADOR/A FIRMA DE COMPLEMENTOS ALIMENTICIOS,30.000 € - 31.500 €,Sin Data,Indefinido,Jornada Completa,Sin Data,Nutrinat,Sin Data
2026-07-29,Trabajoscom,Madrid,Alcalá De Henares,Carretillero/a frontal - Gas Butano/Propano,12 € - 14 €,Sin Data,De duracion determinada,Jornada Completa,Sin Data,Temps,Sin Data
2026-07-29,Trabajoscom,Zaragoza,Zaragoza,Verificador/a de piezas de automoción en producción - MALPICA,Sin Data,Sin Data,De duracion determinada,Media Jornada,Sin Data,Grupo Adecco,Sin Data
2026-07-29,Trabajoscom,Gipuzkoa,Todo Gipuzkoa,Técnico/a Financiero,Sin Data,Sin Data,Indefinido,Jornada Completa,Sin Data,AdegiLan,Sin Data
2026-07-29,Trabajoscom,Gipuzkoa,Todo Gipuzkoa,Gestor-a de Oficina de Estudiantes,Sin Data,Sin Data,Indefinido,Jornada Completa,Sin Data,AdegiLan,Sin Data
2026-07-29,Trabajoscom,Gipuzkoa,Todo Gipuzkoa,Deception Junior Integrator,Sin Data,Sin Data,De duracion determinada,Jornada Completa,Sin Data,AdegiLan,Sin Data
2026-07-29,Trabajoscom,Gipuzkoa,Todo Gipuzkoa,Operador/a de Producción,Sin Data,Sin Data,De duracion determinada,Jornada Completa,Sin Data,AdegiLan,Sin Data
2026-07-29,Trabajoscom,Gipuzkoa,Todo Gipuzkoa,Técnico/a Mantenimiento Industrial,Sin Data,Sin Data,Indefinido,Jornada Completa,Sin Data,AdegiLan,Sin Data
2026-07-29,Trabajoscom,Gipuzkoa,Todo Gipuzkoa,Responsable de Compras,Sin Data,Sin Data,Indefinido,Jornada Completa,Sin Data,AdegiLan,Sin Data
2026-07-29,Trabajoscom,Sevilla,Sevilla,Operario/a Tratamiento Pre Pintor/-a (Lijado) en Sevilla INCOPPORACION INMEDIATA,Sin Data,Sin Data,De duracion determinada,Jornada Completa,Sin Data,Temps,Sin Data
2026-07-29,Trabajoscom,Madrid,Madrid,Copy CONDUCTOR/A INCORPORACIÓN IMEDIATA - VILLAVERDE,Sin Data,Sin Data,De duracion determinada,Jornada Completa,Sin Data,Temps,Sin Data
2026-07-29,Trabajoscom,Barcelona,Barcelona,CONTABLE SENIOR,Sin Data,Sin Data,De duracion determinada,Jornada Completa,Sin Data,Grupo Adecco,Sin Data
2026-07-29,Trabajoscom,Segovia,Todo Segovia,Emirates Airlines busca Pilotos - Salario libre de impuestos y alojamiento incluido,7.650 € - 10.650 €,Sin Data,Indefinido,Jornada Completa,Sin Data,Emirates Airline,Sin Data
2026-07-29,Trabajoscom,Lugo,Todo Lugo,Emirates Airlines busca Pilotos - Salario libre de impuestos y alojamiento incluido,7.650 € - 10.650 €,Sin Data,Indefinido,Jornada Completa,Sin Data,Emirates Airline,Sin Data
2026-07-29,Trabajoscom,Salamanca,Todo Salamanca,Emirates Airlines busca Pilotos - Salario libre de impuestos y alojamiento incluido,7.650 € - 10.650 €,Sin Data,Indefinido,Jornada Completa,Sin Data,Emirates Airline,Sin Data
2026-07-29,Trabajoscom,Melilla,Todo Melilla,Emirates Airlines busca Pilotos - Salario libre de impuestos y alojamiento incluido,7.650 € - 10.650 €,Sin Data,Indefinido,Jornada Completa,Sin Data,Emirates Airline,Sin Data
2026-07-29,Trabajoscom,Navarra,Todo Navarra,Emirates Airlines busca Pilotos - Salario libre de impuestos y alojamiento incluido,7.650 € - 10.650 €,Sin Data,Indefinido,Jornada Completa,Sin Data,Emirates Airline,Sin Data
2026-07-29,Trabajoscom,Alicante,Todo Alicante,Emirates Airlines busca Pilotos - Salario libre de impuestos y alojamiento incluido,7.650 € - 10.650 €,Sin Data,Indefinido,Jornada Completa,Sin Data,Emirates Airline,Sin Data
2026-07-29,Trabajoscom,Jaén,Todo Jaén,Emirates Airlines busca Pilotos - Salario libre de impuestos y alojamiento incluido,7.650 € - 10.650 €,Sin Data,Indefinido,Jornada Completa,Sin Data,Emirates Airline,Sin Data
2026-07-29,Trabajoscom,Almería,Todo Almería,Emirates Airlines busca Pilotos - Salario libre de impuestos y alojamiento incluido,7.650 € - 10.650 €,Sin Data,Indefinido,Jornada Completa,Sin Data,Emirates Airline,Sin Data
2026-07-29,Trabajoscom,Barcelona,Todo Barcelona,Emirates Airlines busca Pilotos - Salario libre de impuestos y alojamiento incluido,7.650 € - 10.650 €,Sin Data,Indefinido,Jornada Completa,Sin Data,Emirates Airline,Sin Data
2026-07-29,Trabajoscom,Cádiz,Todo Cádiz,Emirates Airlines busca Pilotos - Salario libre de impuestos y alojamiento incluido,7.650 € - 10.650 €,Sin Data,Indefinido,Jornada Completa,Sin Data,Emirates Airline,Sin Data
2026-07-29,Trabajoscom,Granada,Todo Granada,Emirates Airlines busca Pilotos - Salario libre de impuestos y alojamiento incluido,7.650 € - 10.650 €,Sin Data,Indefinido,Jornada Completa,Sin Data,Emirates Airline,Sin Data
2026-07-29,Trabajoscom,Burgos,Todo Burgos,Emirates Airlines busca Pilotos - Salario libre de impuestos y alojamiento incluido,7.650 € - 10.650 €,Sin Data,Indefinido,Jornada Completa,Sin Data,Emirates Airline,Sin Data
2026-07-29,Trabajoscom,Barcelona,Sant Andreu De La Barca,Operario/a producción *Sant Just Desvern*,12 € - 14 €,Sin Data,De duracion determinada,Jornada Completa,Sin Data,Temps,Sin Data
2026-07-29,Trabajoscom,Córdoba,Todo Córdoba,Emirates Airlines busca Pilotos - Salario libre de impuestos y alojamiento incluido,7.650 € - 10.650 €,Sin Data,Indefinido,Jornada Completa,Sin Data,Emirates Airline,Sin Data
2026-07-29,Trabajoscom,Cantabria,Todo Cantabria,Personal de Restaurante,1.400 €,Sin Data,Indefinido,Jornada Intensiva,Sin Data,WorkForce People,Sin Data
2026-07-29,Trabajoscom,Coruña,Todo Coruña,"Repartidor/a de Comida a Domicilio - Moto de empresa y contrato de 20, 30 o 40 horas",1.450 €,Sin Data,Indefinido,Jornada Intensiva,Sin Data,WorkForce People,Sin Data
2026-07-29,Trabajoscom,Toledo,Todo Toledo,Personal de Restaurante,1.400 €,Sin Data,Indefinido,Jornada Intensiva,Sin Data,WorkForce People,Sin Data
2026-07-29,Trabajoscom,Real,Todo Real,"Repartidor/a de Comida a Domicilio - Moto de empresa y contrato de 20, 30 o 40 horas",1.450 €,Sin Data,Indefinido,Jornada Intensiva,Sin Data,WorkForce People,Sin Data
2026-07-29,Trabajoscom,Teruel,Todo Teruel,Personal de Restaurante,1.400 €,Sin Data,Indefinido,Jornada Intensiva,Sin Data,WorkForce People,Sin Data
2026-07-29,Trabajoscom,Tarragona,Todo Tarragona,Personal de Restaurante,1.400 €,Sin Data,Indefinido,Jornada Intensiva,Sin Data,WorkForce People,Sin Data
2026-07-29,Trabajoscom,Cáceres,Todo Cáceres,"Repartidor/a de Comida a Domicilio - Moto de empresa y contrato de 20, 30 o 40 horas",1.450 €,Sin Data,Indefinido,Jornada Intensiva,Sin Data,WorkForce People,Sin Data
2026-07-29,Trabajoscom,Ávila,Todo Ávila,"Repartidor/a de Comida a Domicilio - Moto de empresa y contrato de 20, 30 o 40 horas",1.450 €,Sin Data,Indefinido,Jornada Intensiva,Sin Data,WorkForce People,Sin Data
2026-07-29,Trabajoscom,Ceuta,Todo Ceuta,Personal de Restaurante,1.400 €,Sin Data,Indefinido,Jornada Intensiva,Sin Data,WorkForce People,Sin Data
2026-07-29,Trabajoscom,Córdoba,Todo Córdoba,Personal de Restaurante,1.400 €,Sin Data,Indefinido,Jornada Intensiva,Sin Data,WorkForce People,Sin Data
2026-07-29,Trabajoscom,Cantabria,Todo Cantabria,"Repartidor/a de Comida a Domicilio - Moto de empresa y contrato de 20, 30 o 40 horas",1.450 €,Sin Data,Indefinido,Jornada Intensiva,Sin Data,WorkForce People,Sin Data
2026-07-29,Trabajoscom,León,Todo León,Emirates Airlines busca Pilotos - Salario libre de impuestos y alojamiento incluido,7.650 € - 10.650 €,Sin Data,Indefinido,Jornada Completa,Sin Data,Emirates Airline,Sin Data
2026-07-29,Trabajoscom,Sevilla,Dos Hermanas,REPARTIDOR/A DOMINOS PIZZA en DOS HERMANAS [AGDPR],1 €,Sin Data,Indefinido,Jornada Indiferente,Sin Data,Domino's Pizza,Sin Data
2026-07-29,Trabajoscom,Zaragoza,Zaragoza,REPARTIDOR/A DE PAQUETERÍA,Sin Data,Sin Data,De duracion determinada,Jornada Completa,Sin Data,Temps,Sin Data
2026-07-29,Trabajoscom,Rioja,Todo Rioja,"Repartidor/a de Comida a Domicilio - Moto de empresa y contrato de 20, 30 o 40 horas",1.450 €,Sin Data,Indefinido,Jornada Intensiva,Sin Data,WorkForce People,Sin Data
2026-07-29,Trabajoscom,León,Todo León,"Repartidor/a de Comida a Domicilio - Moto de empresa y contrato de 20, 30 o 40 horas",1.450 €,Sin Data,Indefinido,Jornada Intensiva,Sin Data,WorkForce People,Sin Data
2026-07-29,Trabajoscom,Bizkaia,Bilbao,Técnico/a de Mantenimiento Eléctrico Industrial (Contratación Directa),Sin Data,Sin Data,Indefinido,Jornada Completa,Sin Data,Temps,Sin Data
2026-07-29,Trabajoscom,Jaén,Todo Jaén,"Repartidor/a de Comida a Domicilio - Moto de empresa y contrato de 20, 30 o 40 horas",1.450 €,Sin Data,Indefinido,Jornada Intensiva,Sin Data,WorkForce People,Sin Data
2026-07-29,Trabajoscom,Almería,Todo Almería,Personal de Restaurante,1.400 €,Sin Data,Indefinido,Jornada Intensiva,Sin Data,WorkForce People,Sin Data
2026-07-29,Trabajoscom,Ávila,Todo Ávila,Personal de Restaurante,1.400 €,Sin Data,Indefinido,Jornada Intensiva,Sin Data,WorkForce People,Sin Data
2026-07-29,Trabajoscom,Alicante,Todo Alicante,Personal de Restaurante,1.400 €,Sin Data,Indefinido,Jornada Intensiva,Sin Data,WorkForce People,Sin Data
2026-07-29,Trabajoscom,Madrid,Loeches,FRIGORISTA EN INDUSTRIA ALIMENTARIA,28.000 € - 30.000 €,Sin Data,De duracion determinada,Jornada Completa,Sin Data,Grupo Noa's,Sin Data
2026-07-29,Trabajoscom,Huesca,Todo Huesca,Emirates Airlines busca Pilotos - Salario libre de impuestos y alojamiento incluido,7.650 € - 10.650 €,Sin Data,Indefinido,Jornada Completa,Sin Data,Emirates Airline,Sin Data
2026-07-29,Trabajoscom,Guadalajara,Guadalajara,Copy MOZOS/AS CLASIFICACION DE MERCANCIA,Sin Data,Sin Data,De duracion determinada,Jornada Completa,Sin Data,Temps,Sin Data
2026-07-29,Trabajoscom,Sevilla,Alcala De Guadaira,"Oficiales electricistas - Entrenucleos, Sevilla",2.000 € - 2.200 €,Sin Data,Fijo discontinuo,Jornada Completa,Sin Data,Franmar Work Solution,Sin Data
2026-07-29,Trabajoscom,Madrid,Meco,MOZOS/AS  DE ALMACÉN -  PACKING MECO,17.185 €,Sin Data,De duracion determinada,Jornada Completa,Sin Data,Grupo Noa's,Sin Data
2026-07-29,Trabajoscom,Sevilla,Sevilla,"Ingeniero Industrial -Jefe de obra ingeniero industrial, Sevilla",32.000 € - 33.000 €,Sin Data,Indefinido,Jornada Completa,Sin Data,Franmar Work Solution,Sin Data
2026-07-29,Trabajoscom,Cádiz,Cadiz,Oficial Albañiles en Cádiz.,1.700 € - 1.900 €,Sin Data,Fijo discontinuo,Jornada Completa,Sin Data,Franmar Work Solution,Sin Data
2026-07-29,Trabajoscom,Madrid,Meco,MOZOS/AS  DE ALMACÉN -  PICKING MECO,17.185 €,Sin Data,De duracion determinada,Jornada Completa,Sin Data,Grupo Noa's,Sin Data
2026-07-29,Trabajoscom,Navarra,Irurtzun,Operario/a carpintería - 3T - Etxarren,Sin Data,Sin Data,Indefinido,Jornada Completa,Sin Data,Iman Temporing,Sin Data
2026-07-29,Trabajoscom, Valladolid, Valladolid,Enfermero/a - DUE Centro Residencial DomusVi Arroyo,Sin Data,Sin Data,Indefinido,Jornada Completa,Sin Data,DomusVi,Sin Data
2026-07-29,Trabajoscom, Bizkaia, Bizkaia,Carretillero/a -Puerto Santurtzi,Sin Data,Sin Data,De duracion determinada,Jornada Completa,Sin Data,Iman Temporing,Sin Data
2026-07-29,Trabajoscom, Zamora, Zamora,Gerocultor/a - Auxiliar de enfermería Centro Residencial DomusVi Monfarracinos,Sin Data,Sin Data,De duracion determinada,Jornada Indiferente,Sin Data,DomusVi,Sin Data
2026-07-29,Trabajoscom, Gipuzkoa, Gipuzkoa,Operario/a de Moldes de Inyección de Plástico,Sin Data,Sin Data,De duracion determinada,Jornada Completa,Sin Data,Iman Temporing,Sin Data
2026-07-29,Trabajoscom, Toledo, Toledo,Mozo/a de Almacén con conocimientos de montaje,Sin Data,Sin Data,De duracion determinada,Jornada Completa,Sin Data,Iman Temporing,Sin Data
2026-07-29,Trabajoscom, La Rioja, La Rioja,OPERARIO/A DE EMBUTIDOS,Sin Data,Sin Data,De duracion determinada,Jornada Completa,Sin Data,Iman Temporing,Sin Data
2026-07-29,Trabajoscom,Madrid,Madrid,Únete a nuestro equipo. Aeropuerto Barajas T4,Sin Data,Sin Data,Indefinido,Media Jornada,Sin Data,Restaurantes McDonalds,Sin Data
2026-07-29,Trabajoscom,Sevilla,Sevilla,Únete a nuestro equipo McDonald's Sevilla Ciudad Imagen,Sin Data,Sin Data,Indefinido,Media Jornada,Sin Data,Restaurantes McDonalds,Sin Data
2026-07-29,Trabajoscom,Barcelona,El Prat De Llobregat,¡Únete a nuestro equipo! - Aeropuerto el Prat de Llobregat,Sin Data,Sin Data,Indefinido,Jornada Indiferente,Sin Data,Restaurantes McDonalds,Sin Data
2026-07-29,Trabajoscom,S.C. Tenerife,Santa Cruz De Tenerife,Únete a nuestro equipo McDonald's La Carlota,Sin Data,Sin Data,Indefinido,Media Jornada,Sin Data,Restaurantes McDonalds,Sin Data
2026-07-29,Trabajoscom,Barcelona,Barcelona,Únete a nuestro equipo. McDonald's Pelayo,Sin Data,Sin Data,Indefinido,Media Jornada,Sin Data,Restaurantes McDonalds,Sin Data
2026-07-29,Trabajoscom,S.C. Tenerife,San Miguel De Abona,Únete a nuestro equipo. McDonald's Chafiras,Sin Data,Sin Data,Indefinido,Jornada Indiferente,Sin Data,Restaurantes McDonalds,Sin Data
2026-07-29,Trabajoscom,S.C. Tenerife,Arona,Únete a nuestro equipo. McDonald's P. Las Vistas,Sin Data,Sin Data,Indefinido,Jornada Indiferente,Sin Data,Restaurantes McDonalds,Sin Data
2026-07-29,Trabajoscom,Barcelona,Barcelona,Únete a nuestro equipo. McDonald's Villa Olímpica,Sin Data,Sin Data,Indefinido,Media Jornada,Sin Data,Restaurantes McDonalds,Sin Data
2026-07-29,Trabajoscom,Barcelona,Sabadell,Únete a nuestro equipo. McDonald's Sabadell Sur,Sin Data,Sin Data,Indefinido,Media Jornada,Sin Data,Restaurantes McDonalds,Sin Data
2026-07-29,Trabajoscom,Málaga,Malaga,Únete a nuestro equipo Málaga Centro,Sin Data,Sin Data,Indefinido,Media Jornada,Sin Data,Restaurantes McDonalds,Sin Data
2026-07-29,Trabajoscom, Madrid, Madrid,"Operario/a de Robot de Soldadura (MIG/MAG, TIG)",Sin Data,Sin Data,Indefinido,Jornada Completa,Sin Data,Iman Temporing,Sin Data
2026-07-29,Trabajoscom, Barcelona, Barcelona,Administrativo/ a Gestión Escolar Inglés alto,Sin Data,Sin Data,De duracion determinada,Jornada Completa,Sin Data,Crit Interim España ETT,Sin Data
2026-07-29,Trabajoscom, Lleida, Lleida,Repartidores/as Paquetería (Lleida),17.000 €,Sin Data,De duracion determinada,Jornada Completa,Sin Data,Iman Temporing,Sin Data
2026-07-29,Trabajoscom, Granada, Granada,Operario/a de Escuadradora (Sector Madera),19.000 € - 20.000 €,Sin Data,Indefinido,Jornada Completa,Sin Data,Crit Interim España ETT,Sin Data
2026-07-29,Trabajoscom, Valencia, Valencia,AYUDANTE ESPECIALISTA,21.000 € - 22.000 €,Sin Data,De duracion determinada,Jornada Completa,Sin Data,Iman Temporing,Sin Data
2026-07-29,Trabajoscom, Guadalajara, Guadalajara,MANIPULADOR/A DE ALIMENTOS // FRONTAL,Sin Data,Sin Data,Indefinido,Jornada Completa,Sin Data,Crit Interim España ETT,Sin Data
2026-07-29,Trabajoscom, Málaga, Málaga,Repartidor B Málaga (H-M),Sin Data,Sin Data,De duracion determinada,Jornada Completa,Sin Data,Crit Interim España ETT,Sin Data
2026-07-29,Trabajoscom, Barcelona, Barcelona,Operario/a inyección de plástico,25.000 € - 25.500 €,Sin Data,De duracion determinada,Jornada Completa,Sin Data,Iman Temporing,Sin Data
2026-07-29,Trabajoscom, Cantabria, Cantabria,Electromecánico/a Industrial,Sin Data,Sin Data,Indefinido,Jornada Completa,Sin Data,Crit Interim España ETT,Sin Data
2026-07-29,Trabajoscom, Barcelona, Barcelona,Vigilantes seguridad en Barcelona + Plus 200€,Sin Data,Sin Data,Indefinido,Jornada Completa,Sin Data,Iman Seguridad,Sin Data
2026-07-29,Trabajoscom, Barcelona, Barcelona,Carretillero/a para gestión de reciclaje,Sin Data,Sin Data,Indefinido,Jornada Completa,Sin Data,Crit Interim España ETT,Sin Data
2026-07-29,Trabajoscom, Lleida, Lleida,OPERARIO/A DE LIMPIEZA,1.700 €,Sin Data,Indefinido,Jornada Completa,Sin Data,Iman Temporing,Sin Data
2026-07-29,Trabajoscom, Lleida, Lleida,Operario/a,Sin Data,Sin Data,De duracion determinada,Jornada Completa,Sin Data,Iman Temporing,Sin Data
2026-07-29,Trabajoscom, Barcelona, Barcelona,Vigilantes seguridad Org de salud sust nocturno,Sin Data,Sin Data,Indefinido,Jornada Completa,Sin Data,Iman Seguridad,Sin Data
2026-07-29,Trabajoscom, Murcia, Murcia,Limpiador/a para almacen,Sin Data,Sin Data,De duracion determinada,Jornada Completa,Sin Data,Iman Temporing,Sin Data
2026-07-29,Trabajoscom, Murcia, Murcia,Operario/a de descarga manual de contenedores,Sin Data,Sin Data,De duracion determinada,Jornada Completa,Sin Data,Iman Temporing,Sin Data
2026-07-29,Trabajoscom, Sevilla, Sevilla,Mozo/a Carretillero/a (Certificado Discapacidad),Sin Data,Sin Data,De duracion determinada,Jornada Completa,Sin Data,Iman Temporing,Sin Data
2026-07-29,Trabajoscom, Madrid, Madrid,Operario/a Cableado de placas electrónicas.,23.000 € - 25.000 €,Sin Data,De duracion determinada,Jornada Completa,Sin Data,Iman Temporing,Sin Data
2026-07-29,Trabajoscom, Valencia, Valencia,Programador/a CNC - Corte Láser,21.000 € - 22.000 €,Sin Data,De duracion determinada,Jornada Completa,Sin Data,Crit Interim España ETT,Sin Data
2026-07-29,Trabajoscom, Castellón, Castellón,Mecánico/a para desmontaje piezas aeronáuticas.,Sin Data,Sin Data,De duracion determinada,Jornada Completa,Sin Data,Iman Temporing,Sin Data
2026-07-29,Trabajoscom, Valencia, Valencia,Auxiliar Administrativo/a - zona El Puig-,Sin Data,Sin Data,De duracion determinada,Jornada Completa,Sin Data,Iman Temporing,Sin Data
2026-07-29,Trabajoscom, Madrid, Madrid,Carnicero/a o Pescadero/a en Fabrica (Pinto),Sin Data,Sin Data,Indefinido,Jornada Completa,Sin Data,Crit Interim España ETT,Sin Data
2026-07-29,Trabajoscom, Gipuzkoa, Gipuzkoa,Limpiador Industrial,Sin Data,Sin Data,De duracion determinada,Jornada Completa,Sin Data,Iman Temporing,Sin Data
2026-07-29,Trabajoscom, Sevilla, Sevilla,Operario/a limpieza zona- La Roda (URGENTE),Sin Data,Sin Data,De duracion determinada,Jornada Completa,Sin Data,Crit Interim España ETT,Sin Data
2026-07-29,Trabajoscom, Cádiz, Cádiz,Camarera/o de Pisos - Cádiz,Sin Data,Sin Data,De duracion determinada,Jornada Completa,Sin Data,Citius Outsourcing,Sin Data
2026-07-29,Trabajoscom, Toledo, Toledo,Operario/a de Taller del Metal y Soldador/a MIG/MAG,Sin Data,Sin Data,De duracion determinada,Jornada Completa,Sin Data,Iman Temporing,Sin Data
2026-07-29,Trabajoscom, Sevilla, Sevilla,Mozo/a Carretillero/a (Certificado Discapacidad),Sin Data,Sin Data,De duracion determinada,Jornada Completa,Sin Data,Iman Temporing,Sin Data
2026-07-29,Trabajoscom, Murcia, Murcia,Limpiador/a para almacen,Sin Data,Sin Data,De duracion determinada,Jornada Completa,Sin Data,Iman Temporing,Sin Data
2026-07-29,Trabajoscom, Madrid, Madrid,Operario/a Cableado de placas electrónicas.,23.000 € - 25.000 €,Sin Data,De duracion determinada,Jornada Completa,Sin Data,Iman Temporing,Sin Data
2026-07-29,Trabajoscom, Toledo, Toledo,Operario/a de Taller del Metal y Soldador/a MIG/MAG,Sin Data,Sin Data,De duracion determinada,Jornada Completa,Sin Data,Iman Temporing,Sin Data
2026-07-29,Trabajoscom, Cádiz, Cádiz,Camarera/o de Pisos - Cádiz,Sin Data,Sin Data,De duracion determinada,Jornada Completa,Sin Data,Citius Outsourcing,Sin Data
2026-07-29,Trabajoscom, Castellón, Castellón,Mecánico/a para desmontaje piezas aeronáuticas.,Sin Data,Sin Data,De duracion determinada,Jornada Completa,Sin Data,Iman Temporing,Sin Data
2026-07-29,Trabajoscom, Valencia, Valencia,Auxiliar Administrativo/a - zona El Puig-,Sin Data,Sin Data,De duracion determinada,Jornada Completa,Sin Data,Iman Temporing,Sin Data
2026-07-29,Trabajoscom, Sevilla, Sevilla,Operario/a de línea producción (Arahal),Sin Data,Sin Data,De duracion determinada,Jornada Completa,Sin Data,Iman Temporing,Sin Data
2026-07-29,Trabajoscom, Barcelona, Barcelona,Chofer de camión con carné C,13 € - 14 €,Sin Data,De duracion determinada,Jornada Completa,Sin Data,Iman Temporing,Sin Data
2026-07-29,Trabajoscom, Córdoba, Córdoba,Mozo/a de almacén-Carretillero/a  Córdoba,Sin Data,Sin Data,De duracion determinada,Jornada Completa,Sin Data,Crit Interim España ETT,Sin Data
2026-07-29,Trabajoscom, Barcelona, Barcelona,Ingeniero/a mecánico/a,35.000 € - 40.000 €,Sin Data,De duracion determinada,Jornada Completa,Sin Data,Iman Temporing,Sin Data
2026-07-29,Trabajoscom, Lugo, Lugo,Cocinero/a - Centro Residencial DomusVi Lugo,Sin Data,Sin Data,De duracion determinada,Jornada Completa,Sin Data,DomusVi,Sin Data
2026-07-29,Trabajoscom, Barcelona, Barcelona,Terapeuta Ocupacional Centro Residencial DomusVi Bonanova,Sin Data,Sin Data,Indefinido,Media Jornada,Sin Data,DomusVi,Sin Data
2026-07-29,Trabajoscom, Tarragona, Tarragona,Operarios/as Metalúrgico/a con Ciclo Formativo,Sin Data,Sin Data,De duracion determinada,Jornada Completa,Sin Data,Iman Temporing,Sin Data
2026-07-29,Trabajoscom, Barcelona, Barcelona,Enfermero/a - DUE Centro Residencial DomusVi Claret,Sin Data,Sin Data,Indefinido,Jornada Completa,Sin Data,DomusVi,Sin Data
2026-07-29,Trabajoscom, Cantabria, Cantabria,Peón/a especialista,Sin Data,Sin Data,De duracion determinada,Jornada Completa,Sin Data,Crit Interim España ETT,Sin Data
2026-07-29,Trabajoscom, Valencia, Valencia,Técnico/a de Instrumentación,Sin Data,Sin Data,Indefinido,Jornada Completa,Sin Data,Crit Interim España ETT,Sin Data
2026-07-29,Trabajoscom, Zaragoza, Zaragoza,Técnico/a Especialista Maquinaria Obra Pública,Sin Data,Sin Data,Indefinido,Jornada Completa,Sin Data,Crit Interim España ETT,Sin Data
2026-07-29,Trabajoscom, Madrid, Madrid,Oficial de 3ª de Granalla,Sin Data,Sin Data,Indefinido,Jornada Completa,Sin Data,Iman Global Consulting,Sin Data
2026-07-29,Trabajoscom, Madrid, Madrid,Mozo/a almacén con carretilla,Sin Data,Sin Data,De duracion determinada,Jornada Completa,Sin Data,Crit Interim España ETT,Sin Data
2026-07-29,Trabajoscom, Castellón, Castellón,Dependiente/a  experto/a en construccion,Sin Data,Sin Data,Indefinido,Jornada Completa,Sin Data,Iman Temporing,Sin Data
2026-07-29,Trabajoscom, Madrid, Madrid,Comercial de Alimentación - Madrid Sur,Sin Data,Sin Data,De duracion determinada,Jornada Completa,Sin Data,Crit Interim España ETT,Sin Data
2026-07-29,Trabajoscom, Lleida, Lleida,MECÁNICO/A DE VEHICULOS,Sin Data,Sin Data,Indefinido,Jornada Completa,Sin Data,Iman Temporing,Sin Data
2026-07-29,Trabajoscom, Barcelona, Barcelona,Enfermero/a - DUE Centro Residencial DomusVi Sant Jordi,Sin Data,Sin Data,De duracion determinada,Jornada Completa,Sin Data,DomusVi,Sin Data
2026-07-29,Trabajoscom, Madrid, Madrid,Gestor/a de Atención al cliente - Automoción,Sin Data,Sin Data,De duracion determinada,Media Jornada,Sin Data,Crit Interim España ETT,Sin Data
2026-07-29,Trabajoscom, A Coruña, A Coruña,FILETEADOR/A DE PESCADO,Sin Data,Sin Data,Indefinido,Jornada Completa,Sin Data,Iman Temporing,Sin Data
2026-07-29,Trabajoscom, Lleida, Lleida,Operario/a + carretilla,Sin Data,Sin Data,De duracion determinada,Jornada Completa,Sin Data,Iman Temporing,Sin Data
2026-07-29,Trabajoscom, Murcia, Murcia,Operario/a de producción,Sin Data,Sin Data,De duracion determinada,Jornada Completa,Sin Data,Crit Interim España ETT,Sin Data
2026-07-29,Trabajoscom, Madrid, Madrid,Jefe/a de Grupo Retail,Sin Data,Sin Data,Indefinido,Jornada Completa,Sin Data,Crit Interim España ETT,Sin Data
2026-07-29,Trabajoscom, Madrid, Madrid,Oficial 1ª  Produccion,26.000 € - 27.000 €,Sin Data,De duracion determinada,Jornada Completa,Sin Data,Crit Interim España ETT,Sin Data
2026-07-29,Trabajoscom, Navarra, Navarra,Operario/a de línea de producción (Congelados),17.000 € - 19.000 €,Sin Data,De duracion determinada,Jornada Completa,Sin Data,Iman Temporing,Sin Data
2026-07-29,Trabajoscom, Madrid, Madrid,Manipuladores de alimentos (turnos rotativos).,Sin Data,Sin Data,De duracion determinada,Jornada Completa,Sin Data,Crit Interim España ETT,Sin Data
2026-07-29,Trabajoscom, Huelva, Huelva,Enfermero/a - DUE Centro Residencial DomusVi Condado,Sin Data,Sin Data,Indefinido,Jornada Completa,Sin Data,DomusVi,Sin Data
2026-07-29,Trabajoscom, Valencia, Valencia,Operario/a mecánico/a industrial.,Sin Data,Sin Data,Indefinido,Jornada Completa,Sin Data,Iman Temporing,Sin Data
2026-07-29,Trabajoscom, Cantabria, Cantabria,Carretillero/a,Sin Data,Sin Data,De duracion determinada,Jornada Completa,Sin Data,Iman Temporing,Sin Data
2026-07-29,Trabajoscom, Barcelona, Barcelona,Cortador/a de pescado,21.000 €,Sin Data,De duracion determinada,Jornada Completa,Sin Data,Iman Temporing,Sin Data
2026-07-29,Trabajoscom, Asturias, Asturias,MOZO/A DE ALMACÉN (POLÍGONO DE ASIPO),Sin Data,Sin Data,Indefinido,Jornada Completa,Sin Data,Iman Temporing,Sin Data
2026-07-29,Trabajoscom, Sevilla, Sevilla,Conductor/a de Reparto,Sin Data,Sin Data,De duracion determinada,Jornada Completa,Sin Data,Iman Temporing,Sin Data
2026-07-29,Trabajoscom, Madrid, Madrid,Operario/a Avícola San Agustín de Guadalix,Sin Data,Sin Data,De duracion determinada,Media Jornada,Sin Data,Iman Temporing,Sin Data
2026-07-29,Trabajoscom, Castellón, Castellón,Personal de Limpieza (cubrir vacaciones),Sin Data,Sin Data,De duracion determinada,Jornada Completa,Sin Data,Iman Temporing,Sin Data
2026-07-29,Trabajoscom, Madrid, Madrid,Operarios/as de fabrica turno rotativo.,Sin Data,Sin Data,Indefinido,Jornada Completa,Sin Data,Iman Temporing,Sin Data
2026-07-29,Trabajoscom, Murcia, Murcia,Operario/a fábrica alimentación,Sin Data,Sin Data,De duracion determinada,Jornada Completa,Sin Data,Iman Temporing,Sin Data
2026-07-29,Trabajoscom, Guadalajara, Guadalajara,Vigilante de seguridad San Fernando de Henares,Sin Data,Sin Data,Indefinido,Jornada Completa,Sin Data,Iman Seguridad,Sin Data
2026-07-29,Trabajoscom, Girona, Girona,Controlador/ra de Calidad - Riells i Viabrea,Sin Data,Sin Data,Indefinido,Jornada Completa,Sin Data,Pacto,Sin Data
2026-07-29,Trabajoscom, Madrid, Madrid,Jefe/a de Obra de Edificación | Tenerife,Sin Data,Sin Data,Indefinido,Jornada Completa,Sin Data,Iman Global Consulting,Sin Data
2026-07-29,Trabajoscom, S.C. Tenerife, S.C. Tenerife,Jefe/a de Obra de Edificación | Tenerife,Sin Data,Sin Data,Indefinido,Jornada Completa,Sin Data,Iman Global Consulting,Sin Data
2026-07-29,Trabajoscom, S.C. Tenerife, S.C. Tenerife,Jefe/a de Obra de Edificación | Tenerife,Sin Data,Sin Data,Indefinido,Jornada Completa,Sin Data,Iman Global Consulting,Sin Data
2026-07-29,Trabajoscom, Almería, Almería,Mozo cámara frigorífica (H/M),Sin Data,Sin Data,De duracion determinada,Jornada Completa,Sin Data,Crit Interim España ETT,Sin Data
2026-07-29,Trabajoscom, Sevilla, Sevilla,Jefe/a de Obra de Edificación | Tenerife,Sin Data,Sin Data,Indefinido,Jornada Completa,Sin Data,Iman Global Consulting,Sin Data
2026-07-29,Trabajoscom, Madrid, Madrid,Jefe/a de Obra,Sin Data,Sin Data,Indefinido,Jornada Completa,Sin Data,Iman Global Consulting,Sin Data
2026-07-29,Trabajoscom, Las Palmas, Las Palmas,Jefe/a de Obra de Edificación | Tenerife,Sin Data,Sin Data,Indefinido,Jornada Completa,Sin Data,Iman Global Consulting,Sin Data
2026-07-29,Trabajoscom, Ávila, Ávila,Jefe/a de Obra,Sin Data,Sin Data,Indefinido,Jornada Completa,Sin Data,Iman Global Consulting,Sin Data
